Time (s),Temperature (Â°C),Error,PI Output,P Component,I Component,D Component
0.8261938095092773,25.1875,8.8125,40.801875,40.801875,0.0
3.6421144008636475,25.1875,8.8125,41.18447387770224,40.801875,0.38259887770223916
6.458127498626709,25.1875,8.8125,41.56708616651653,40.801875,0.7652111665165275
9.274769067764282,25.1875,8.8125,41.94978008818677,40.801875,1.1479050881867676
12.090123176574707,25.1875,8.8125,42.33230675968428,40.801875,1.530431759684278
14.906867980957031,25.1875,8.8125,42.71501256994902,40.801875,1.913137569949016
17.72212243080139,25.1875,8.8125,43.09752796833785,40.801875,2.2956529683378473
20.5386061668396,25.1875,8.8125,43.48020021842847,40.801875,2.678325218428472
23.35415768623352,25.25,8.75,43.0567858598614,40.512499999999996,3.058166435239175
26.17059087753296,25.25,8.75,43.95061865086228,40.512499999999996,3.4381186508622856
28.986560821533203,25.25,8.75,44.330511555616056,40.512499999999996,3.81801155561606
31.802159309387207,25.3125,8.6875,43.90439581544687,40.223124999999996,4.195144602660307
34.61810278892517,25.3125,8.6875,44.7954455377397,40.223124999999996,4.572320537739707
37.43457746505737,25.3125,8.6875,45.17268936556872,40.223124999999996,4.949564365568724
40.250564098358154,25.3125,8.6875,45.54987117659635,40.223124999999996,5.326746176596351
43.06615209579468,25.375,8.625,45.121039014655146,39.933749999999996,5.7011646729472565
45.88538670539856,25.375,8.625,46.00981400363702,39.933749999999996,6.076064003637024
48.698110580444336,25.375,8.625,46.38384871390907,39.933749999999996,6.450098713909073
51.514124393463135,25.375,8.625,46.75832041084158,39.933749999999996,6.824570410841583
54.33011531829834,25.375,8.625,47.13278934946026,39.933749999999996,7.199039349460267
57.1461124420166,25.375,8.625,47.5072587636503,39.933749999999996,7.5735087636503
59.96216082572937,25.4375,8.5625,47.07585131582709,39.644375,7.945271965038492
62.77816605567932,25.5,8.5,47.155511117484515,39.355,8.314315379853607
65.59411096572876,25.4375,8.5625,48.84425463044547,39.644375,8.68606444896141
68.41012215614319,25.4375,8.5625,48.7021971422225,39.644375,9.057822142222502
71.22652840614319,25.4375,8.5625,49.07400648597829,39.644375,9.429631485978293
74.04211330413818,25.5,8.5,48.63974101640948,39.355,9.798620721499752
76.85811138153076,25.5,8.5,49.52266332393791,39.355,10.167663323937916
79.67410707473755,25.5,8.5,49.8917055201876,39.355,10.536705520187603
82.49066090583801,25.5625,8.4375,49.455021751314156,39.065625,10.903104327989155
85.30655860900879,25.5625,8.4375,50.33504501418966,39.065625,11.269420014189661
88.12210583686829,25.5625,8.4375,50.70131830217053,39.065625,11.635693302170532
90.94218301773071,25.625,8.375,50.263024138087296,38.77625,11.9998358600362
93.75457501411438,25.625,8.375,51.13923191304845,38.77625,12.362981913048447
96.57011127471924,25.625,8.375,51.50279114198945,38.77625,12.726541141989447
99.38611030578613,25.625,8.375,51.86640695519071,38.77625,13.090156955190714
102.2021164894104,25.625,8.375,52.23002341489332,38.77625,13.453773414893321
105.01814937591553,25.75,8.25,50.9818693395772,38.1975,13.811966554043202
107.83411359786987,25.75,8.25,52.367650443674954,38.1975,14.170150443674956
110.67011070251465,25.75,8.25,52.728382742345076,38.1975,14.530882742345081
113.49810719490051,25.75,8.25,53.08809723010585,38.1975,14.890597230105852
116.31415295600891,25.8125,8.1875,52.64040715186855,37.908125,15.246078410081626
119.13011145591736,25.8125,8.1875,53.50967300288784,37.908125,15.601548002887837
121.94618463516235,25.875,8.125,53.059277544911275,37.61875,15.954318931151471
124.76256060600281,25.875,8.125,53.925874415302374,37.61875,16.307124415302372
127.57813239097595,25.875,8.125,54.27858513209779,37.61875,16.659835132097786
130.39414930343628,25.9375,8.0625,53.82545937630538,37.329375,17.009885680587754
133.210107088089,25.9375,8.0625,54.689303108524626,37.329375,17.359928108524624
136.02617025375366,26.0,8.0,54.23347727050485,37.04,17.7072705272237
138.8425579071045,25.9375,8.0625,55.9004774512227,37.329375,18.057363693798898
141.65856456756592,26.0,8.0,54.93089477462342,37.04,18.40469881948497
144.47814178466797,26.0625,7.9375,54.987237669387255,36.750625,18.749760854036033
147.29010200500488,26.0625,7.9375,55.8445118722739,36.750625,19.093886872273902
150.11418747901917,26.125,7.875,55.38569258065494,36.46125,19.436776188814008
152.9226794242859,26.125,7.875,56.23901872831391,36.46125,19.777768728313905
155.73861622810364,26.1875,7.8125,55.77501529257268,36.171875,20.116955691573708
158.5541214942932,26.1875,7.8125,56.6279669961463,36.171875,20.456091996146302
161.37015438079834,26.25,7.75,56.161278428874155,35.8825,20.792576688102848
164.18611812591553,26.25,7.75,57.011552235304805,35.8825,21.12905223530481
167.00215911865234,26.3125,7.6875,56.54215187578232,35.593125,21.462824047500582
169.81858587265015,26.3125,7.6875,57.38976341712901,35.593125,21.79663841712901
172.63410902023315,26.3125,7.6875,57.723476310170014,35.593125,22.130351310170013
175.45015382766724,26.375,7.625,57.25136343161514,35.30375,22.461409950829356
178.26662468910217,26.4375,7.5625,57.290454176040946,35.014375,22.7898020599467
181.08217334747314,26.4375,7.5625,58.132465895414256,35.014375,23.11809089541426
183.89813208580017,26.4375,7.5625,58.46080082178662,35.014375,23.44642582178662
186.71464896202087,26.5,7.5,57.98339577128738,34.725,23.772109653387286
189.53015518188477,26.5625,7.4375,58.01670154026568,34.435625,24.09496790745336
192.34611320495605,26.5625,7.4375,58.853500290796745,34.435625,24.417875290796747
195.16214728355408,26.625,7.375,58.37053027678223,34.14625,24.73807849251042
197.97814655303955,26.6875,7.3125,58.39863341990155,33.856875,25.055563726309373
200.79410910606384,26.6875,7.3125,59.229919605528934,33.856875,25.37304460552893
203.61011481285095,26.6875,7.3125,59.54740564573147,33.856875,25.690530645731474
206.4266414642334,26.75,7.25,59.05914727297024,33.5675,26.005359415627126
209.24675965309143,26.75,7.25,59.88809217855934,33.5675,26.320592178559338
212.05815243721008,26.8125,7.1875,59.39562214552843,33.278124999999996,26.632141532262814
214.87415623664856,26.875,7.125,59.416432345868614,32.988749999999996,26.94148669524077
217.6901512145996,26.9375,7.0625,59.4336861762722,32.699374999999996,27.248117265711866
220.50610399246216,26.9375,7.0625,60.25411816317752,32.699374999999996,27.55474316317753
223.3221116065979,26.9375,7.0625,60.56075023939482,32.699374999999996,27.86137523939482
226.13821291923523,27.0,7.0,60.061517814372515,32.41,28.165304024242772
228.95410752296448,27.0,7.0,60.879210088267456,32.41,28.46921008826746
231.77063965797424,27.0625,6.9375,60.37738295864484,32.120625,28.77046918809885
234.58656239509583,27.0625,6.9375,61.19228945729513,32.120625,29.07166445729513
237.4021463394165,27.125,6.875,60.68748736208178,31.83125,29.370113629565235
240.2181601524353,27.1875,6.8125,60.693964003346636,31.541875,29.66589187367068
243.03456091880798,27.1875,6.8125,61.50358345732742,31.541875,29.961708457327425
245.85064458847046,27.25,6.75,60.99349206093441,31.252499999999998,30.254781054721754
248.66614937782288,27.3125,6.6875,60.99431546624149,30.963124999999998,30.545082051010652
251.4825623035431,27.3125,6.6875,61.79859681533395,30.963124999999998,30.835471815333957
254.29854941368103,27.3125,6.6875,62.088945551175,30.963124999999998,31.125820551175007
257.11415791511536,27.375,6.625,61.57329727395246,30.67375,31.413419364152837
259.93014788627625,27.5,6.5,60.76301385575141,30.095,31.695627600699186
262.7461109161377,27.5,6.5,62.07283292224588,30.095,31.97783292224588
265.56215620040894,27.5625,6.4375,61.54916166363752,29.805625,32.25733322635196
268.37811064720154,27.5625,6.4375,62.342449183298456,29.805625,32.53682418329846
271.19415163993835,27.625,6.375,61.816063660162506,29.51625,32.81361065787953
274.01009941101074,27.625,6.375,62.60663743080509,29.51625,33.09038743080509
276.8261480331421,27.6875,6.3125,62.07754031591281,29.226875,33.36446100862429
279.64215445518494,27.75,6.25,62.05951299603645,28.9375,33.63581673638777
282.4581093788147,27.75,6.25,62.84466713407621,28.9375,33.90716713407621
285.27410864830017,27.75,6.25,63.11602203475908,28.9375,34.17852203475908
288.0901448726654,27.8125,6.1875,62.581494209321754,28.648125,34.44716720754752
290.9113917350769,27.875,6.125,62.55949042305015,28.35875,34.713590384632674
293.7221109867096,27.875,6.125,63.33776966078985,28.35875,34.97901966078985
296.53816652297974,27.9375,6.0625,62.797820317686984,28.069375,35.24223957490001
299.3541536331177,28.0,6.0,62.768931760836814,27.78,35.5027391988369
302.1701419353485,28.0,6.0,63.543238690440894,27.78,35.76323869044089
304.98614168167114,28.0625,5.9375,62.99784665024722,27.490624999999998,36.021026217127165
307.8021140098572,28.0625,5.9375,63.76943568821008,27.490624999999998,36.278810688210086
310.6181478500366,28.1875,5.8125,62.41545214688358,26.911875,36.53117410034625
313.4345519542694,28.1875,5.8125,63.69544334397975,26.911875,36.78356834397975
316.2546293735504,28.1875,5.8125,63.948168828571895,26.911875,37.03629382857189
319.0661051273346,28.1875,5.8125,64.2001257264541,26.911875,37.28825072645411
321.8821518421173,28.25,5.75,63.6466053732622,26.6225,37.537901631475265
324.698144197464,28.3125,5.6875,63.60415273888363,26.333125,37.78483408933444
327.5141043663025,28.3125,5.6875,64.36488847389992,26.333125,38.03176347389992
330.33013558387756,28.375,5.625,63.805937076476205,26.04375,38.27598594471275
333.14653491973877,28.375,5.625,64.56398796298028,26.04375,38.520237962980275
335.96355152130127,28.4375,5.5625,64.00258791934945,25.754375,38.761831584273324
338.77810740470886,28.4375,5.5625,64.75759019165032,25.754375,39.00321519165032
341.59465861320496,28.5625,5.4375,63.38754732398266,25.175625,39.23933860794794
344.41055631637573,28.5625,5.4375,64.65103363688159,25.175625,39.47540863688159
347.2461664676666,28.5625,5.4375,64.88875839426952,25.175625,39.71313339426951
350.07415080070496,28.6875,5.3125,63.518388057915935,24.596875,39.94476707907576
352.89054441452026,28.6875,5.3125,64.77232407209387,24.596875,40.17544907209386
355.7065598964691,28.6875,5.3125,65.00297690937182,24.596875,40.40610190937183
358.5226378440857,28.75,5.25,64.42775657357856,24.3075,40.63404674183997
361.3425483703613,28.75,5.25,65.16980133529412,24.3075,40.86230133529413
364.15462732315063,28.875,5.125,63.78421075812982,23.728749999999998,41.08450282812654
366.9701073169708,28.875,5.125,65.03572456724997,23.728749999999998,41.30697456724997
369.78614616394043,28.9375,5.0625,64.45235253760056,23.439375,41.52677527482368
372.602623462677,29.0,5.0,64.3801731204979,23.15,41.74389461279954
375.4185457229614,29.0,5.0,65.11097222915365,23.15,41.96097222915365
378.2341456413269,29.0625,4.9375,64.52206580062384,22.860625,42.17531419621786
381.05056834220886,29.0625,4.9375,65.25033996871326,22.860625,42.389714968713264
383.8661530017853,29.1875,4.8125,63.852751644899854,22.281875,42.598629353921666
386.68215441703796,29.125,4.875,65.89534117588319,22.57125,42.81028639149526
389.4981019496918,29.1875,4.8125,64.78728583499304,22.281875,43.01922575545698
392.3141474723816,29.25,4.75,64.70416267068342,21.9925,43.22545905939703
395.1300964355469,29.25,4.75,65.42418501242844,21.9925,43.431685012428446
397.94629096984863,29.3125,4.6875,64.82457122628439,21.703125,43.63521547231192
400.76211380958557,29.3125,4.6875,65.54184377638211,21.703125,43.838718776382116
403.57835817337036,29.375,4.625,64.9395265956006,21.41375,44.03953840398881
406.39454078674316,29.375,4.625,65.6541030672739,21.41375,44.2403530672739
409.21017956733704,29.4375,4.5625,65.04892708716163,21.124375,44.43841856424479
412.0261516571045,29.5,4.5,64.95498230160769,20.835,44.63379230624234
414.84215092658997,29.5625,4.4375,64.85827403913292,20.545625,44.826454302039046
417.6581060886383,29.5625,4.4375,65.56473821489278,20.545625,45.01911321489278
420.47410893440247,29.5625,4.4375,65.7574004553675,20.545625,45.2117754553675
423.2901086807251,29.5625,4.4375,65.95006251641168,20.545625,45.404437516411676
426.10641050338745,29.625,4.375,65.33690434003861,20.256249999999998,45.59440584047574
428.92254638671875,29.625,4.375,66.04061256932917,20.256249999999998,45.78436256932917
431.73814702033997,29.6875,4.3125,65.42457418686864,19.966874999999998,45.97157262597592
434.55414366722107,29.8125,4.1875,64.51389418223975,19.388125,46.1533803170761
437.3701059818268,29.8125,4.1875,65.72331066845715,19.388125,46.33518566845714
440.18611788749695,29.8125,4.1875,65.905119236952,19.388125,46.51699423695201
443.0021150112152,29.8125,4.1875,66.0869269280522,19.388125,46.6988019280522
445.8186354637146,29.9375,4.0625,64.65716195264329,18.809375,46.87521410803635
448.6346321105957,29.875,4.125,66.66686387560357,19.09875,47.05430822118189
451.4501073360443,29.9375,4.0625,65.52613481814625,18.809375,47.23065727768486
454.2661473751068,30.0,4.0,65.41052987557919,18.52,47.404327134298114
457.0826635360718,30.0,4.0,66.09802472200516,18.52,47.57802472200516
459.8981659412384,30.0625,3.9375,65.46568325486227,18.230625,47.74894966556623
462.7141101360321,30.0625,3.9375,66.15052482267961,18.230625,47.91989982267961
465.5301423072815,30.1875,3.8125,64.7097063568666,17.651875,48.08542848433148
468.34614729881287,30.125,3.875,66.70872315624129,17.94125,48.25366885037067
471.16212034225464,30.1875,3.8125,65.55725801635747,17.651875,48.41919363002781
473.9781744480133,30.25,3.75,65.43071529897153,17.3625,48.582009947683346
476.79415345191956,30.3125,3.6875,65.3014245251813,17.073125,48.7421082682466
479.61010456085205,30.25,3.75,66.78123281523911,17.3625,48.904918286304834
482.42655849456787,30.3125,3.6875,65.62444120217681,17.073125,49.06504234768429
485.2425503730774,30.3125,3.6875,66.29826633243921,17.073125,49.225141332439215
488.05855798721313,30.3125,3.6875,66.4583661847098,17.073125,49.3852411847098
490.8747673034668,30.375,3.625,65.81262183915004,16.78375,49.5426387799213
493.6901400089264,30.4375,3.5625,65.67773857162771,16.494374999999998,49.697278177557834
496.5065622329712,30.4375,3.5625,66.34634730105046,16.494374999999998,49.851972301050466
499.3226480484009,30.5,3.5,65.6951472708347,16.205,50.00393596012964
502.13810777664185,30.5,3.5,66.36086664442396,16.205,50.15586664442397
504.954106092453,30.5,3.5,66.51282542740347,16.205,50.30782542740347
507.770140171051,30.5625,3.4375,65.85889929830192,15.915625,50.45707264453164
510.5861403942108,30.625,3.375,65.71604943175562,15.626249999999999,50.60360439015007
513.4021108150482,30.625,3.375,66.3763843988992,15.626249999999999,50.750134398899206
516.2181658744812,30.6875,3.3125,65.71703588645948,15.336875,50.8939554916714
519.0341191291809,30.625,3.375,67.180548632597,15.626249999999999,51.04048466920453
521.850120306015,30.6875,3.3125,66.00737307261801,15.336875,51.18430290050756
524.6661474704742,30.75,3.25,65.85910946158239,15.0475,51.32540902582967
527.4821512699127,30.8125,3.1875,65.70812071270512,14.758125,51.46380023608349
530.298109292984,30.75,3.25,67.16621570774998,15.0475,51.604902657922445
533.1140913963318,30.8125,3.1875,65.98760965119494,14.758125,51.74329287223336
535.9302332401276,30.875,3.125,65.83394833810792,14.46875,51.878977283836576
538.7461621761322,30.9375,3.0625,65.67749505305028,14.179375,52.011937931757714
541.5667865276337,30.9375,3.0625,66.3244935284412,14.179375,52.1451185284412
544.3785502910614,30.9375,3.0625,66.45725807095543,14.179375,52.27788307095543
547.1941499710083,31.0,3.0,65.7842423329458,13.89,52.40811607664593
550.010107755661,31.0,3.0,66.42836443295252,13.89,52.53836443295251
552.826553106308,31.0,3.0,66.55863439260455,13.89,52.66863439260455
555.6426105499268,31.0625,2.9375,65.88300555016797,13.600624999999999,52.79617411138464
558.458146572113,31.125,2.875,65.71834153051493,13.31125,52.92097771931791
561.2741119861603,31.125,2.875,66.35704938839419,13.31125,53.045799388394194
564.0901327133179,31.125,2.875,66.48187363612402,13.31125,53.17062363612402
566.9061548709869,31.1875,2.8125,65.80080922659893,13.021875,53.29273453035969
569.7226305007935,31.25,2.75,65.63092760201782,12.7325,53.41214996407115
572.5381078720093,31.1875,2.8125,67.07000986699161,13.021875,53.53423788614294
575.3541128635406,31.25,2.75,65.8723301299052,12.7325,53.65363430527124
578.1706304550171,31.3125,2.6875,65.6997483692394,12.443125,53.77033759922933
580.986132144928,31.3125,2.6875,66.33012543860721,12.443125,53.88700043860721
583.8021430969238,31.375,2.625,65.64091764528408,12.15375,54.00097012409681
586.6185576915741,31.375,2.625,66.26870497824474,12.15375,54.11495497824475
589.434143781662,31.4375,2.5625,65.57669443905452,11.864374999999999,54.226195227887516
592.250572681427,31.4375,2.5625,66.2018416090741,11.864374999999999,54.33746660907409
595.066258430481,31.4375,2.5625,66.31308551349417,11.864374999999999,54.44871051349417
597.8821067810059,31.4375,2.5625,66.42433533337854,11.864374999999999,54.55996033337854
600.698148727417,31.5,2.5,65.72970720925372,11.575,54.66850407646989
603.5146284103394,31.4375,2.5625,67.15787477457279,11.864374999999999,54.77977758647005
606.3301577568054,31.5625,2.4375,65.14344129147999,11.285625,54.885589278301886
609.146121263504,31.5625,2.4375,66.27704130972207,11.285625,54.99141630972206
611.9661161899567,31.5625,2.4375,66.3830198643772,11.285625,55.09739486437721
614.7781085968018,31.5625,2.4375,66.48869771113282,11.285625,55.20307271113282
617.5946455001831,31.625,2.375,65.78874616745507,10.99625,55.306206614166356
620.4105534553528,31.625,2.375,66.40556808907127,10.99625,55.40931808907127
623.2261474132538,31.6875,2.3125,65.70270635100721,10.706875,55.50970587794779
626.042120218277,31.6875,2.3125,66.31698112863161,10.706875,55.610106128631614
628.858110666275,31.6875,2.3125,66.4173821783672,10.706875,55.7105071783672
631.6746742725372,31.8125,2.1875,64.90621329898595,10.128124999999999,55.80549979959589
634.4906094074249,31.75,2.25,66.83450217146289,10.4175,55.90318538034892
637.3061137199402,31.8125,2.1875,65.6123763951474,10.128124999999999,55.99814354562925
640.1221017837524,31.8125,2.1875,66.22124239902048,10.128124999999999,56.093117399020485
642.9381015300751,31.8125,2.1875,66.31621670271116,10.128124999999999,56.18809170271116
645.754156589508,31.875,2.125,65.60530963400416,9.83875,56.28035428271597
648.5705680847168,31.875,2.125,66.21137761109276,9.83875,56.37262761109275
651.3861689567566,31.9375,2.0625,65.4976646208479,9.549375,56.462162885902266
654.2021136283875,31.9375,2.0625,66.10108325178443,9.549375,56.551708251784426
657.0184941291809,31.9375,2.0625,66.19064190058114,9.549375,56.641266900581144
659.8345754146576,31.9375,2.0625,66.28019148181747,9.549375,56.73081648181746
662.6501483917236,32.0625,1.9375,64.75779330150182,8.970625,56.81492457866219
665.4661588668823,32.0,2.0,66.67556139275764,9.26,56.90175856593489
668.2821054458618,32.0,2.0,66.24859040647391,9.26,56.98859040647391
671.0981202125549,32.0,2.0,66.3354244452094,9.26,57.0754244452094
673.9141049385071,32.0625,1.9375,65.6163614749423,8.970625,57.15954408695069
676.7301075458527,32.0625,1.9375,66.21428923435987,8.970625,57.24366423435987
679.5466363430023,32.125,1.875,65.49262327491843,8.68125,57.325085461061235
682.362114906311,32.125,1.875,66.08772745735547,8.68125,57.406477457355464
685.1781282424927,32.1875,1.8125,65.36324393477464,8.391875,57.48517089157322
687.9941103458405,32.1875,1.8125,65.95573825977597,8.391875,57.563863259775964
690.810115814209,32.1875,1.8125,66.03443136086403,8.391875,57.64255636086403
693.626139163971,32.25,1.75,65.30723631887322,8.1025,57.718536492131435
696.4421179294586,32.1875,1.8125,66.7029133300053,8.391875,57.79722876039527
699.2585213184357,32.1875,1.8125,66.26780752163339,8.391875,57.87593252163339
702.0741150379181,32.25,1.75,65.54052528420381,8.1025,57.95190142114615
704.8901114463806,32.25,1.75,66.13038076760594,8.1025,58.02788076760595
707.7061314582825,32.25,1.75,66.20636069302219,8.1025,58.103860693022185
710.5221464633942,32.3125,1.6875,65.47645038497653,7.813124999999999,58.17712703726734
713.3381564617157,32.375,1.625,65.2576262314074,7.52375,58.24767958024608
716.1541323661804,32.375,1.625,65.84198119138068,7.52375,58.318231191380676
718.9701101779938,32.3125,1.6875,66.71843030488428,7.813124999999999,58.39149651831668
721.786125421524,32.3125,1.6875,66.27788777571837,7.813124999999999,58.46476277571838
724.6021463871002,32.4375,1.5625,64.73937590466569,7.234375,58.532602121199545
727.4181113243103,32.375,1.625,66.64071551876648,7.52375,58.6031534695063
730.2341091632843,32.375,1.625,66.19745571979041,7.52375,58.673705719790405
733.0501101016998,32.4375,1.5625,65.46211482798702,7.234375,58.74154452537174
735.8661344051361,32.375,1.625,66.84964895360233,7.52375,58.81209730131152
738.682115316391,32.4375,1.5625,65.60050296232505,7.234375,58.879935704839774
741.4981503486633,32.5,1.5,65.3762637110795,6.945,58.945061796306206
744.3141145706177,32.5,1.5,65.95518611782013,6.945,59.01018611782013
747.1301124095917,32.5,1.5,66.02031128847014,6.945,59.07531128847015
749.946106672287,32.4375,1.5625,66.89133103745367,7.234375,59.14314990451217
752.7621037960052,32.5,1.5,65.63946948017467,6.945,59.208275047592835
755.578626871109,32.5625,1.4375,65.41260997282895,6.655625,59.27069789823374
758.3941111564636,32.5625,1.4375,65.9887235344085,6.655625,59.33309853440851
761.2105693817139,32.5625,1.4375,66.0511448050957,6.655625,59.3955198050957
764.026379108429,32.5625,1.4375,66.1135524533058,6.655625,59.45792745330581
766.842113494873,32.5625,1.4375,66.17595856383521,6.655625,59.520333563835216
769.6581451892853,32.625,1.375,65.43248352179737,6.36625,59.58003239003391
772.474574804306,32.625,1.375,66.00598903536076,6.36625,59.63973903536076
775.2901418209076,32.6875,1.3125,65.25971128602924,6.076875,59.69671538192002
778.1061024665833,32.6875,1.3125,65.83057409087515,6.076875,59.75369909087515
780.9261300563812,32.6875,1.3125,65.88764014190785,6.076875,59.81076514190786
783.7381055355072,32.6875,1.3125,65.94454326495324,6.076875,59.86766826495324
786.5541522502899,32.75,1.25,65.19564423118459,5.7875,59.92194022839676
789.3710784912109,32.75,1.25,65.76372858182098,5.7875,59.97622858182098
792.1861088275909,32.75,1.25,65.81798134320972,5.7875,60.03048134320973
795.0021092891693,32.75,1.25,65.87225237389012,5.7875,60.08475237389012
797.8181087970734,32.75,1.25,65.92652335402668,5.7875,60.13902335402669
800.6341111660004,32.75,1.25,65.98079443984578,5.7875,60.193294439845786
803.4501483440399,32.8125,1.1875,65.22917960609456,5.498125,60.244852604320336
806.2661213874817,32.8125,1.1875,65.79453450726722,5.498125,60.296409507267214
809.0821049213409,32.8125,1.1875,65.84609169831384,5.498125,60.34796669831384
811.8985586166382,32.8125,1.1875,65.8976569910745,5.498125,60.399531991074504
814.7145569324493,32.8125,1.1875,65.94921443966483,5.498125,60.451089439664834
817.5306124687195,32.875,1.125,65.19489073422451,5.20875,60.49993442594036
820.346116065979,32.875,1.125,65.75751999176777,5.20875,60.54876999176777
823.162106513977,32.875,1.125,65.80636377050561,5.20875,60.59761377050561
825.9781620502472,32.9375,1.0625,65.04932536439065,4.919375,60.643745056602356
828.794109582901,32.875,1.125,66.41515298463307,5.20875,60.692588020665795
831.6101131439209,32.9375,1.0625,65.14428913774141,4.919375,60.73871844361203
834.4261138439178,32.9375,1.0625,65.70422380406772,4.919375,60.78484880406772
837.2423162460327,32.9375,1.0625,65.7503574726161,4.919375,60.83098247261611
840.058109998703,32.9375,1.0625,65.79648446639423,4.919375,60.87710946639424
842.874564409256,32.9375,1.0625,65.84262189218602,4.919375,60.92324689218602
845.6902408599854,32.9375,1.0625,65.88874720653104,4.919375,60.969372206531034
848.5061500072479,33.0,1.0,65.12896773777742,4.63,61.01278774818143
851.3225915431976,33.0,1.0,65.68621095778802,4.63,61.056210957788025
854.1385631561279,33.0,1.0,65.72962734857451,4.63,61.09962734857451
856.9585857391357,33.0625,0.9375,64.9679431141072,4.340625,61.14038885839807
859.7706260681152,33.0625,0.9375,65.52165975958356,4.340625,61.18103475958356
862.586110830307,33.0625,0.9375,65.56235590591595,4.340625,61.22173090591595
865.4021060466766,33.0,1.0,66.40895363364659,4.63,61.26514763121059
868.2181112766266,33.0625,0.9375,65.13267196833802,4.340625,61.30585096969809
871.0345630645752,33.0625,0.9375,65.68718543202826,4.340625,61.34656043202826
873.8501040935516,33.0625,0.9375,65.72788238821042,4.340625,61.387257388210415
876.6661503314972,33.125,0.875,64.96270148510926,4.05125,61.42524774332233
879.4825565814972,33.125,0.875,65.51449259821224,4.05125,61.46324259821224
882.2981090545654,33.0625,0.9375,66.35844741017426,4.340625,61.503939702579665
885.1141090393066,33.125,0.875,65.07937436257608,4.05125,61.54192940797382
887.9301035404205,33.125,0.875,65.63116903295735,4.05125,61.57991903295735
890.7461068630219,33.125,0.875,65.66915879303072,4.05125,61.617908793030715
893.5627856254578,33.125,0.875,65.70715727926398,4.05125,61.65590727926398
896.378114938736,33.125,0.875,65.74513830031175,4.05125,61.69388830031175
899.1941545009613,33.1875,0.8125,64.97724268473037,3.761875,61.72916498694964
902.0105028152466,33.125,0.875,66.33215447333319,4.05125,61.76715910527832
904.8265655040741,33.1875,0.8125,65.05051660431121,3.761875,61.80243599202376
907.6421089172363,33.1875,0.8125,65.59958171724843,3.761875,61.83770671724843
910.4581143856049,33.1875,0.8125,65.6348579439376,3.761875,61.8729829439376
913.2740879058838,33.1875,0.8125,65.67013377041165,3.761875,61.908258770411656
916.0901532173157,33.25,0.75,64.89952928175492,3.4725,61.94082214697711
918.9065496921539,33.25,0.75,65.44588906344757,3.4725,61.97338906344757
921.7225522994995,33.25,0.75,65.47845169839741,3.4725,62.00595169839741
924.5386638641357,33.1875,0.8125,66.31688881706629,3.761875,62.04122926013253
927.354110956192,33.25,0.75,65.03238350555044,3.4725,62.07378570851943
930.1701393127441,33.3125,0.6875,64.77296088515958,3.183125,62.10363510140125
932.9861125946045,33.25,0.75,66.12250780382482,3.4725,62.13619736416482
935.8021214008331,33.25,0.75,65.64126006528112,3.4725,62.16876006528112
938.6185693740845,33.3125,0.6875,64.86801136193068,3.183125,62.19861363813643
941.4341504573822,33.375,0.625,64.60561847222958,2.89375,62.22574534890583
944.2501139640808,33.3125,0.6875,65.95253129138062,3.183125,62.25559398110324
947.0665633678436,33.3125,0.6875,65.46857254890416,3.183125,62.285447548904166
949.8825423717499,33.3125,0.6875,65.4984213933856,3.183125,62.315296393385594
952.698561668396,33.3125,0.6875,65.52827064979911,3.183125,62.345145649799115
955.5141091346741,33.3125,0.6875,65.55811515003965,3.183125,62.37499015003965
958.3301179409027,33.3125,0.6875,65.58796429778397,3.183125,62.404839297783965
961.146116733551,33.375,0.625,64.81191929824779,2.89375,62.43197477866247
963.9621458053589,33.4375,0.5625,64.54697302080224,2.604375,62.456397019540645
966.7781145572662,33.375,0.625,65.89109354347954,2.89375,62.48353219026392
969.5945584774017,33.375,0.625,65.40442176059653,2.89375,62.51067176059654
972.4101150035858,33.4375,0.5625,64.62558313610641,2.604375,62.53509006043562
975.2261018753052,33.4375,0.5625,65.16388691051822,2.604375,62.55951191051821
978.0425612926483,33.4375,0.5625,65.18831262513494,2.604375,62.58393762513494
980.8581457138062,33.5,0.5,64.4067672508664,2.315,62.60564303969939
983.6741240024567,33.4375,0.5625,65.74824963777938,2.604375,62.630064763652186
986.4901134967804,33.5,0.5,64.45296630774631,2.315,62.65177309321628
989.3065912723541,33.5,0.5,64.9884849957686,2.315,62.6734849957686
992.1221578121185,33.5625,0.4375,64.20422274466299,2.025625,62.69247710163908
994.9381077289581,33.5,0.5,65.54299946631996,2.315,62.71418511139867
997.7545509338379,33.5,0.5,65.05089675296111,2.315,62.73589675296111
1000.5705666542053,33.5,0.5,65.07260527734864,2.315,62.75760527734864
1003.3865506649017,33.5625,0.4375,64.28841706227011,2.025625,62.77660002229548
1006.2021226882935,33.5625,0.4375,64.82121713459881,2.025625,62.79559213459881
1009.0184698104858,33.5625,0.4375,64.84021433367762,2.025625,62.814589333677624
1011.8341019153595,33.5625,0.4375,64.85920670972777,2.025625,62.83358170972777
1014.6505582332611,33.5625,0.4375,64.87820448133016,2.025625,62.85257948133015
1017.4665541648865,33.5625,0.4375,64.89719931312047,2.025625,62.87157431312047
1020.2821133136749,33.5625,0.4375,64.91619134179676,2.025625,62.890566341796756
1023.0981523990631,33.6875,0.3125,63.32341425301013,1.446875,62.904134292452326
1025.9141883850098,33.5625,0.4375,65.97635228077469,2.025625,62.92312937029912
1028.7301497459412,33.625,0.375,64.16184916439866,1.73625,62.939410474111554
1031.5461280345917,33.625,0.375,64.69194162617036,1.73625,62.955691626170356
1034.3621129989624,33.625,0.375,64.7082228402602,1.73625,62.9719728402602
1037.1785764694214,33.625,0.375,64.7245066927372,1.73625,62.98825669273719
1039.9950160980225,33.6875,0.3125,63.93497658813675,1.446875,63.001826559462835
1042.8101139068604,33.625,0.375,65.26831809685801,1.73625,63.01810278487815
1045.6261193752289,33.625,0.375,64.77063411338082,1.73625,63.03438411338082
1048.4425642490387,33.625,0.375,64.78691785420192,1.73625,63.05066785420192
1051.2581152915955,33.6875,0.3125,63.997225848063124,1.446875,63.06423355565772
1054.074147939682,33.75,0.25,63.71878950807236,1.1575,63.07508789780261
1056.890569448471,33.6875,0.3125,65.04926561110585,1.446875,63.08865755086577
1059.7065634727478,33.6875,0.3125,64.54910028096651,1.446875,63.102225280966515
1062.5221192836761,33.6875,0.3125,64.56266599390956,1.446875,63.115790993909556
1065.3381261825562,33.75,0.25,63.77034170477077,1.1575,63.126645227614986
1068.1541061401367,33.75,0.25,64.29499934644811,1.1575,63.13749934644811
1070.9701309204102,33.6875,0.3125,65.11174286616345,1.446875,63.15106721439562
1073.7861104011536,33.75,0.25,63.80561303897059,1.1575,63.16192134701342
1076.6026482582092,33.8125,0.1875,63.52447787384208,0.868125,63.17006349449598
1079.418568611145,33.8125,0.1875,64.04632889890615,0.868125,63.17820389890615
1082.234118461609,33.8125,0.1875,64.054468314955,0.868125,63.186343314954996
1085.0501079559326,33.8125,0.1875,64.06260894336617,0.868125,63.19448394336617
1087.866099357605,33.75,0.25,64.8766447658693,1.1575,63.20533811090515
1090.6823003292084,33.8125,0.1875,63.56783168101919,0.868125,63.213479276229485
1093.4985573291779,33.8125,0.1875,64.08974567382563,0.868125,63.221620673825626
1096.3142669200897,33.875,0.125,63.29194375190909,0.57875,63.22704726272522
1099.1301085948944,33.8125,0.1875,64.61714694497832,0.868125,63.2351874472698
1101.9461438655853,33.8125,0.1875,64.1114532004323,0.868125,63.243328200432295
1104.762102842331,33.875,0.125,63.31369287022842,0.57875,63.2487552240087
1107.5781161785126,33.8125,0.1875,64.63882377995033,0.868125,63.25689590962628
1110.3940997123718,33.875,0.125,63.32726501958572,0.57875,63.26232297961109
1113.210559129715,33.8125,0.1875,64.65231585534845,0.868125,63.270464883794105
1116.0261216163635,33.875,0.125,63.34076078740932,0.57875,63.275891188729354
1118.8421113491058,33.875,0.125,63.86006827249885,0.57875,63.28131827249885
1121.6585767269135,33.875,0.125,63.86549623573072,0.57875,63.28674623573072
1124.47456407547,33.875,0.125,63.87092330433706,0.57875,63.29217330433706
1127.2901496887207,33.9375,0.0625,63.0703854298642,0.289375,63.29488647977915
1130.1062107086182,33.875,0.125,64.39285825299868,0.57875,63.30031369128665
1132.9221687316895,33.875,0.125,63.884490711187134,0.57875,63.305740711187134
1135.7381029129028,33.9375,0.0625,63.08401218976037,0.289375,63.30845419839267
1138.5545432567596,33.875,0.125,64.40636133324824,0.57875,63.31388210005298
1141.3701169490814,33.9375,0.0625,63.09209190716814,0.289375,63.316595263318604
1144.1861097812653,33.9375,0.0625,63.6086838070413,0.289375,63.3193088070413
1147.0074880123138,34.0,0.0,62.80648203135483,0.0,63.3193088070413
1149.818552017212,33.9375,0.0625,64.12610270870567,0.289375,63.32201758586073
1152.6341123580933,33.9375,0.0625,63.61410573396321,0.289375,63.32473073396321
1155.450110912323,33.9375,0.0625,63.616819283659275,0.289375,63.327444283659275
1158.2665512561798,34.0,0.0,62.81371487650867,0.0,63.327444283659275
1161.0821254253387,34.0,0.0,63.327444283659275,0.0,63.327444283659275
1163.8981063365936,34.0,0.0,63.327444283659275,0.0,63.327444283659275
1166.7146298885345,34.0625,-0.0625,62.52164232127009,-0.289375,63.32473024667488
1169.530121088028,34.0625,-0.0625,63.032642168644514,-0.289375,63.322017168644514
1172.3461167812347,34.0,0.0,63.83582317108052,0.0,63.322017168644514
1175.162115097046,34.0,0.0,63.322017168644514,0.0,63.322017168644514
1177.9781033992767,34.0625,-0.0625,62.516121582345654,-0.289375,63.31930362882747
1180.7941236495972,34.0,0.0,63.833104802606805,0.0,63.31930362882747
1183.6105394363403,34.0,0.0,63.31930362882747,0.0,63.31930362882747
1186.4265744686127,34.0,0.0,63.31930362882747,0.0,63.31930362882747
1189.2425632476807,34.0625,-0.0625,62.51340808580086,-0.289375,63.31659008878068
1192.0581159591675,34.0,0.0,63.83047270934568,0.0,63.31659008878068
1194.8741092681885,34.0625,-0.0625,62.510695497741686,-0.289375,63.31387654367951
1197.6901183128357,34.0,0.0,63.827679936019564,0.0,63.31387654367951
1200.5068247318268,34.0,0.0,63.31387654367951,0.0,63.31387654367951
1203.3221147060394,34.0,0.0,63.31387654367951,0.0,63.31387654367951
1206.1381199359894,34.0625,-0.0625,62.5079837700615,-0.289375,63.31116298892906
1208.9541482925415,34.125,-0.125,62.21318669642759,-0.57875,63.30573582566794
1211.7701160907745,34.0625,-0.0625,63.527458967938706,-0.289375,63.30302231020382
1214.5861120224,34.0625,-0.0625,63.01093376303495,-0.289375,63.30030876303495
1217.402560710907,34.0625,-0.0625,63.00821980255552,-0.289375,63.29759480255552
1220.2185544967651,34.0625,-0.0625,63.0055062572246,-0.289375,63.2948812572246
1223.034111738205,34.0625,-0.0625,63.00279311233855,-0.289375,63.29216811233855
1225.850120306015,34.125,-0.125,62.19418747264162,-0.57875,63.286740995485836
1228.666105747223,34.125,-0.125,62.70256392182511,-0.57875,63.28131392182511
1231.4821186065674,34.0625,-0.0625,63.503028142814564,-0.289375,63.27860035949309
1234.2981135845184,34.0625,-0.0625,62.98651181393243,-0.289375,63.27588681393243
1237.114117860794,34.0625,-0.0625,62.98379825987122,-0.289375,63.27317325987122
1239.930102109909,34.125,-0.125,62.175188445074255,-0.57875,63.26774618758896
1242.7461113929749,34.125,-0.125,62.68356907027676,-0.57875,63.26231907027676
1245.5620992183685,34.0625,-0.0625,63.48403775186855,-0.289375,63.25960553137869
1248.3785536289215,34.0625,-0.0625,62.96751656400692,-0.289375,63.25689156400692
1251.194120645523,34.125,-0.125,62.158834943861486,-0.57875,63.25146525815269
1254.0101239681244,34.0625,-0.0625,63.473180703613586,-0.289375,63.24875170225352
1256.8265080451965,34.125,-0.125,62.15083652078402,-0.57875,63.24332388651769
1259.6425664424896,34.125,-0.125,62.65914669568721,-0.57875,63.23789669568721
1262.4581096172333,34.125,-0.125,62.65372042934906,-0.57875,63.23247042934906
1265.274100780487,34.0625,-0.0625,63.45418862989181,-0.289375,63.2297568879238
1268.090104341507,34.125,-0.125,62.131775516513315,-0.57875,63.2243297788824
1270.9103465080261,34.1875,-0.1875,61.83501959415115,-0.868125,63.21617686556727
1273.7225472927094,34.125,-0.125,63.14651063140413,-0.57875,63.21075713224693
1276.5381155014038,34.125,-0.125,62.62658081720292,-0.57875,63.20533081720292
1279.3541140556335,34.125,-0.125,62.62115372102722,-0.57875,63.19990372102722
1282.1705567836761,34.1875,-0.1875,61.80990844853233,-0.868125,63.19176185544131
1284.9865527153015,34.125,-0.125,63.1213904594865,-0.57875,63.18633476156305
1287.802118062973,34.1875,-0.1875,61.79618990284014,-0.868125,63.17819530416017
1290.6180996894836,34.1875,-0.1875,62.301929700561416,-0.868125,63.170054700561415
1293.4341163635254,34.1875,-0.1875,62.29378900460533,-0.868125,63.16191400460533
1296.2501156330109,34.1875,-0.1875,62.28564835551714,-0.868125,63.15377335551714
1299.0665621757507,34.1875,-0.1875,62.277506481660424,-0.868125,63.14563148166042
1301.8821454048157,34.25,-0.25,61.4634026447877,-1.1575,63.13477878173003
1304.698115348816,34.1875,-0.1875,62.77232427438513,-0.868125,63.12663822568841
1307.5145621299744,34.1875,-0.1875,62.25037134769629,-0.868125,63.118496347696286
1310.3305702209473,34.1875,-0.1875,62.24223067930955,-0.868125,63.11035567930955
1313.1461169719696,34.25,-0.25,61.42811972901606,-1.1575,63.09950313284856
1315.9701554775238,34.1875,-0.1875,62.73555711343557,-0.868125,63.09133924899841
1318.7781269550323,34.125,-0.125,63.0224514643897,-0.57875,63.08592761831109
1321.594114780426,34.25,-0.25,60.88995927999426,-1.1575,63.075073459961885
1324.4105529785156,34.1875,-0.1875,62.71253579648863,-0.868125,63.066931606782184
1327.2265830039978,34.1875,-0.1875,62.19066587774287,-0.868125,63.05879087774287
1330.0421078205109,34.25,-0.25,61.3765511363807,-1.1575,63.04793841307096
1332.8581058979034,34.25,-0.25,61.87958421612467,-1.1575,63.03708421612467
1335.6741013526917,34.25,-0.25,61.868730029287136,-1.1575,63.026230029287134
1338.491334438324,34.1875,-0.1875,62.66354692741113,-0.868125,63.0180859064604
1341.3061468601227,34.1875,-0.1875,62.1418235994671,-0.868125,63.0099485994671
1344.122568845749,34.25,-0.25,61.327860795895845,-1.1575,62.99909285588007
1346.9461052417755,34.25,-0.25,61.83070951537011,-1.1575,62.98820951537011
1349.7541098594666,34.25,-0.25,61.81988613636623,-1.1575,62.97738613636623
1352.5705606937408,34.25,-0.25,61.80903028342076,-1.1575,62.96653028342076
1355.3865599632263,34.1875,-0.1875,62.60406981023532,-0.868125,62.95838963433257
1358.2021005153656,34.25,-0.25,61.27615240615728,-1.1575,62.94753711544093
1361.0185799598694,34.25,-0.25,61.77918115773193,-1.1575,62.936681157731925
1363.8346269130707,34.3125,-0.3125,60.962442677875174,-1.446875,62.92311315308637
1366.6501178741455,34.25,-0.25,62.26865551908678,-1.1575,62.9122608446408
1369.4661207199097,34.25,-0.25,61.74390663207187,-1.1575,62.90140663207187
1372.2825615406036,34.1875,-0.1875,62.538868305928716,-0.868125,62.89326476855366
1375.0985779762268,34.3125,-0.3125,60.40521707708078,-1.446875,62.87969694770379
1377.914562702179,34.25,-0.25,62.22515041239073,-1.1575,62.86884280038233
1380.7301003932953,34.25,-0.25,61.70049029343742,-1.1575,62.85799029343742
1383.5461072921753,34.25,-0.25,61.689636063407896,-1.1575,62.847136063407895
1386.3621127605438,34.25,-0.25,61.67878184256816,-1.1575,62.83628184256816
1389.1781120300293,34.25,-0.25,61.66792764470289,-1.1575,62.82542764470289
1391.994116783142,34.25,-0.25,61.657073427539075,-1.1575,62.814573427539074
1394.810408115387,34.25,-0.25,61.64621814803616,-1.1575,62.80371814803616
1397.6261155605316,34.25,-0.25,61.635365026294664,-1.1575,62.79286502629466
1400.4421100616455,34.25,-0.25,61.624510843133045,-1.1575,62.782010843133044
1403.2585756778717,34.1875,-0.1875,62.41946832011902,-0.868125,62.773868914137616
1406.074116230011,34.25,-0.25,61.09163151557759,-1.1575,62.76301639892189
1408.8901093006134,34.1875,-0.1875,62.400556632792025,-0.868125,62.754875760861445
1411.7065651416779,34.1875,-0.1875,61.878608861503075,-0.868125,62.746733861503074
1414.5225517749786,34.25,-0.25,61.06457240025484,-1.1575,62.735879707748765
1417.3385727405548,34.1875,-0.1875,62.37341530160114,-0.868125,62.72773899731877
1420.1588735580444,34.1875,-0.1875,61.85146094891381,-0.868125,62.71958594891381
1422.9701108932495,34.25,-0.25,61.036580879428186,-1.1575,62.70874996979636
1425.7861156463623,34.3125,-0.3125,60.73450301952936,-1.446875,62.695182194895416
1428.6061081886292,34.25,-0.25,62.03989006926116,-1.1575,62.68431260138413
1431.4181189537048,34.1875,-0.1875,62.32259274041501,-0.868125,62.67618348731348
1434.2341146469116,34.1875,-0.1875,61.7999178464961,-0.868125,62.6680428464961
1437.0505020618439,34.3125,-0.3125,60.1801229748671,-1.446875,62.654473315197585
1439.8665659427643,34.25,-0.25,61.99991305412517,-1.1575,62.64361888391179
1442.6821103096008,34.25,-0.25,61.475266349397515,-1.1575,62.632766349397514
1445.4981071949005,34.25,-0.25,61.46441216164101,-1.1575,62.621912161641006
1448.3145577907562,34.1875,-0.1875,62.259371980030956,-0.868125,62.61377026917497
1451.1301219463348,34.25,-0.25,60.93153695981617,-1.1575,62.602917665737316
1453.9461057186127,34.25,-0.25,61.43456352484871,-1.1575,62.59206352484871
1456.7621176242828,34.3125,-0.3125,60.61781763339911,-1.446875,62.57849572122969
1459.5781123638153,34.25,-0.25,61.923947320238135,-1.1575,62.56764153531114
1462.3941133022308,34.25,-0.25,61.399287334688935,-1.1575,62.556787334688934
1465.2106981277466,34.25,-0.25,61.388430881650535,-1.1575,62.545930881650534
1468.026579618454,34.3125,-0.3125,60.571658137169706,-1.446875,62.53236380632194
1470.8421251773834,34.1875,-0.1875,62.68386664273684,-0.868125,62.52422439992237
1473.6581506729126,34.25,-0.25,60.8420695815423,-1.1575,62.51337010280742
1476.4754235744476,34.25,-0.25,61.34501099943517,-1.1575,62.50251099943517
1479.290549993515,34.1875,-0.1875,62.140216028676676,-0.868125,62.49437293083848
1482.1061098575592,34.25,-0.25,60.81213872697271,-1.1575,62.48352034669937
1484.9220976829529,34.25,-0.25,61.315166185593235,-1.1575,62.47266618559323
1487.738112449646,34.25,-0.25,61.30431192983232,-1.1575,62.46181192983232
1490.5541141033173,34.25,-0.25,61.29345772185829,-1.1575,62.45095772185829
1493.370106458664,34.25,-0.25,61.28260354880543,-1.1575,62.44010354880543
1496.1861174106598,34.1875,-0.1875,62.077640954464606,-0.868125,62.431962866634024
1499.0025653839111,34.25,-0.25,60.74987936262772,-1.1575,62.42110703023017
1501.8181116580963,34.25,-0.25,61.252754484688154,-1.1575,62.41025448468815
1504.634115934372,34.25,-0.25,61.24190026844332,-1.1575,62.399400268443316
1507.4506120681763,34.25,-0.25,61.23104424364888,-1.1575,62.38854424364888
1510.2665660381317,34.25,-0.25,61.22019021947054,-1.1575,62.37769021947054
1513.082133769989,34.25,-0.25,61.209337594896375,-1.1575,62.366837594896374
1515.8981947898865,34.25,-0.25,61.19848316636751,-1.1575,62.35598316636751
1518.7145509719849,34.3125,-0.3125,60.38179490999009,-1.446875,62.3424137993364
1521.534559726715,34.25,-0.25,61.687118927269864,-1.1575,62.331544148848444
1524.3461124897003,34.25,-0.25,61.16320699619551,-1.1575,62.32070699619551
1527.1621146202087,34.25,-0.25,61.152352787302505,-1.1575,62.3098527873025
1529.978110074997,34.3125,-0.3125,60.33560405821192,-1.446875,62.296285060647925
1532.794263124466,34.25,-0.25,61.6417085427898,-1.1575,62.28543029301601
1535.6106321811676,34.25,-0.25,61.117074732305696,-1.1575,62.274574732305695
1538.4265632629395,34.3125,-0.3125,60.30031456761037,-1.446875,62.26100731580635
1541.2421119213104,34.25,-0.25,61.6065378621407,-1.1575,62.25015476291251
1544.0581004619598,34.25,-0.25,61.08180060364433,-1.1575,62.23930060364433
1546.8745636940002,34.25,-0.25,61.0709447065879,-1.1575,62.2284447065879
1549.6905407905579,34.25,-0.25,61.06009058867376,-1.1575,62.21759058867376
1552.5061128139496,34.1875,-0.1875,61.8552051622812,-0.868125,62.20945110990463
1555.3221015930176,34.1875,-0.1875,61.333185492521196,-0.868125,62.201310492521195
1558.1426692008972,34.1875,-0.1875,61.32503172938075,-0.868125,62.193156729380746
1560.958121061325,34.25,-0.25,60.51090510327888,-1.1575,62.18230452110382
1563.77011179924,34.1875,-0.1875,61.82058793942481,-0.868125,62.17417545803648
1566.5861048698425,34.1875,-0.1875,61.29790982480067,-0.868125,62.16603482480067
1569.4025831222534,34.1875,-0.1875,61.28976785789738,-0.868125,62.15789285789738
1572.218556880951,34.1875,-0.1875,61.28162728324645,-0.868125,62.14975228324645
1575.0345430374146,34.1875,-0.1875,61.273486669309186,-0.868125,62.141611669309185
1577.8505589962006,34.1875,-0.1875,61.265345972663866,-0.868125,62.133470972663865
1580.666563987732,34.25,-0.25,60.45131240704687,-1.1575,62.12261675641902
1583.4821109771729,34.25,-0.25,60.95426421179599,-1.1575,62.111764211795986
1586.2983644008636,34.25,-0.25,60.94340907013985,-1.1575,62.10090907013985
1589.115204334259,34.1875,-0.1875,61.73830430870467,-0.868125,62.09276617001394
1591.9301097393036,34.3125,-0.3125,59.60434487546901,-1.446875,62.07920334610941
1594.7461142539978,34.1875,-0.1875,62.23054620728549,-0.868125,62.071062682547314
1597.562572002411,34.1875,-0.1875,61.19479577767507,-0.868125,62.06292077767507
1600.3782815933228,34.25,-0.25,60.38071400387796,-1.1575,62.05206760171384
1603.1941130161285,34.25,-0.25,60.88371404897144,-1.1575,62.04121404897144
1606.0101199150085,34.1875,-0.1875,61.678752338443296,-0.868125,62.0330733805847
1608.8265087604523,34.25,-0.25,60.35098200108043,-1.1575,62.02221771419187
1611.6425683498383,34.25,-0.25,60.853863330692946,-1.1575,62.011363330692944
1614.4581134319305,34.1875,-0.1875,61.64898303194723,-0.868125,62.00322393187494
1617.274118423462,34.25,-0.25,60.321065749500704,-1.1575,61.992369707359295
1620.0901145935059,34.25,-0.25,60.82401552052177,-1.1575,61.98151552052177
1622.9061107635498,34.25,-0.25,60.813161333684235,-1.1575,61.970661333684234
1625.722115278244,34.1875,-0.1875,61.60820010925433,-0.868125,61.96252067287907
1628.5381076335907,34.25,-0.25,60.2803602762051,-1.1575,61.9516664961503
1631.3545789718628,34.25,-0.25,60.783310571524524,-1.1575,61.94081057152452
1634.1706681251526,34.25,-0.25,60.77245601893357,-1.1575,61.92995601893357
1636.9861216545105,34.1875,-0.1875,61.567592783588786,-0.868125,61.921816886159824
1639.8021249771118,34.25,-0.25,60.23965819279511,-1.1575,61.91096267267192
1642.6181099414825,34.25,-0.25,60.74260852626944,-1.1575,61.90010852626944
1645.4341132640839,34.25,-0.25,60.73175431094358,-1.1575,61.88925431094358
1648.2501075267792,34.1875,-0.1875,61.5267947215779,-0.868125,61.88111367564007
1651.0666899681091,34.1875,-0.1875,61.00484634344285,-0.868125,61.87297134344285
1653.8821139335632,34.25,-0.25,60.19070936564865,-1.1575,61.86211935847769
1656.6985535621643,34.1875,-0.1875,61.49958138575827,-0.868125,61.85397750047335
1659.5145678520203,34.1875,-0.1875,60.977711814855766,-0.868125,61.845836814855765
1662.3301074504852,34.1875,-0.1875,60.969572422930106,-0.868125,61.837697422930106
1665.1461222171783,34.1875,-0.1875,60.961431731798655,-0.868125,61.829556731798654
1667.9625794887543,34.1875,-0.1875,60.953289828304875,-0.868125,61.821414828304874
1670.7785847187042,34.125,-0.125,61.75104158598373,-0.57875,61.815987715128074
1673.594111442566,34.25,-0.25,59.61986104152428,-1.1575,61.80513524678025
1676.410552740097,34.1875,-0.1875,61.442597185704855,-0.868125,61.79699338739744
1679.2265684604645,34.1875,-0.1875,60.92072769144135,-0.868125,61.78885269144135
1682.0421204566956,34.1875,-0.1875,60.912588270567866,-0.868125,61.780713270567865
1684.8581075668335,34.25,-0.25,60.09855197965183,-1.1575,61.76985911313765
1687.674111366272,34.25,-0.25,60.6015049014877,-1.1575,61.7590049014877
1690.4901039600372,34.25,-0.25,60.590650727515865,-1.1575,61.74815072751586
1693.3061146736145,34.1875,-0.1875,61.38568804479393,-0.868125,61.74001004396599
1696.1221144199371,34.1875,-0.1875,60.8637443928101,-0.868125,61.7318693928101
1698.9381082057953,34.1875,-0.1875,60.855603760952754,-0.868125,61.72372876095275
1701.7541093826294,34.1875,-0.1875,60.8474631063507,-0.868125,61.7155881063507
1704.5701100826263,34.25,-0.25,60.03342907232508,-1.1575,61.70473390021462
1707.386112689972,34.1875,-0.1875,61.34227280835711,-0.868125,61.69659324147716
1710.2021074295044,34.1875,-0.1875,60.820327605484415,-0.868125,61.688452605484414
1713.018112897873,34.25,-0.25,60.006294380527684,-1.1575,61.67759838188775
1715.8341152668,34.25,-0.25,60.50924417483269,-1.1575,61.66674417483269
1718.6501171588898,34.1875,-0.1875,61.30428312716599,-0.868125,61.65860351678446
1721.4677228927612,34.1875,-0.1875,60.78233322777407,-0.868125,61.65045822777407
1724.282108783722,34.25,-0.25,59.96801095351485,-1.1575,61.63961023852722
1727.098120689392,34.25,-0.25,60.47125599838894,-1.1575,61.62875599838894
1729.9141063690186,34.1875,-0.1875,61.266297823141,-0.868125,61.620615385140916
1732.7305614948273,34.1875,-0.1875,60.74434848853948,-0.868125,61.61247348853948
1735.5465569496155,34.25,-0.25,59.930313773190626,-1.1575,61.60161929710706
1738.3621108531952,34.1875,-0.1875,61.23923723019606,-0.868125,61.5934798707197
1741.178561925888,34.25,-0.25,59.91139704782571,-1.1575,61.58262401961219
1743.9945561885834,34.1875,-0.1875,61.22016412090926,-0.868125,61.57448337948404
1746.810443162918,34.25,-0.25,59.89230509735132,-1.1575,61.56362958872622
1749.6261093616486,34.1875,-0.1875,61.20122802857455,-0.868125,61.55548985838674
1752.4425671100616,34.25,-0.25,59.87340805715768,-1.1575,61.544633985223754
1755.258929491043,34.25,-0.25,60.37627838407839,-1.1575,61.53377838407839
1758.0741128921509,34.1875,-0.1875,61.17146493062836,-0.868125,61.52564002738195
1760.8901722431183,34.1875,-0.1875,60.64937422528385,-0.868125,61.51749922528385
1763.706116437912,34.1875,-0.1875,60.64123371473166,-0.868125,61.50935871473166
1766.5221109390259,34.25,-0.25,59.8271983180577,-1.1575,61.4985045380029
1769.3381147384644,34.1875,-0.1875,61.136043092619126,-0.868125,61.49036387375156
1772.1541171073914,34.1875,-0.1875,60.614098215703336,-0.868125,61.482223215703335
1774.9701104164124,34.1875,-0.1875,60.605957585224466,-0.868125,61.474082585224465
1777.7861161231995,34.25,-0.25,59.79192427510271,-1.1575,61.46322836346575
1780.6021046638489,34.1875,-0.1875,61.10076961373157,-0.868125,61.455087741257685
1783.4185616970062,34.1875,-0.1875,60.57882083431774,-0.868125,61.44694583431774
1786.2345910072327,34.1875,-0.1875,60.57068010321073,-0.868125,61.438805103210726
1789.050100326538,34.1875,-0.1875,60.56254080088546,-0.868125,61.43066580088546
1791.866112947464,34.1875,-0.1875,60.55440011457865,-0.868125,61.42252511457865
1794.6821088790894,34.1875,-0.1875,60.5462594744505,-0.868125,61.4143844744505
1797.4981157779694,34.25,-0.25,59.73222646240619,-1.1575,61.40353024625894
1800.314246892929,34.25,-0.25,60.23517554111756,-1.1575,61.39267554111756
1803.1302609443665,34.25,-0.25,60.224321308331106,-1.1575,61.381821308331105
1805.9465301036835,34.1875,-0.1875,61.0193135109009,-0.868125,61.373679921073474
1808.7621138095856,34.25,-0.25,59.69145010452028,-1.1575,61.362827242279586
1811.5785620212555,34.25,-0.25,60.19447140771369,-1.1575,61.35197140771369
1814.3945531845093,34.25,-0.25,60.18361723374186,-1.1575,61.34111723374186
1817.2101180553436,34.25,-0.25,60.17276462479033,-1.1575,61.33026462479033
1820.0261044502258,34.25,-0.25,60.161910468279096,-1.1575,61.319410468279095
1822.8425524234772,34.1875,-0.1875,60.95687143528988,-0.868125,61.31126859373314
1825.6585576534271,34.25,-0.25,59.6291104113589,-1.1575,61.30041436921749
1828.4741070270538,34.3125,-0.3125,59.326090536505845,-1.446875,61.28684867924891
1831.2906363010406,34.25,-0.25,60.63220523469105,-1.1575,61.27599252671647
1834.106118440628,34.1875,-0.1875,60.91362372133253,-0.868125,61.267853307099266
1836.9221050739288,34.25,-0.25,59.58569180326796,-1.1575,61.25699915426394
1839.7381138801575,34.25,-0.25,60.088644918720554,-1.1575,61.24614491872055
1842.5541019439697,34.25,-0.25,60.07779076220931,-1.1575,61.23529076220931
1845.370109796524,34.25,-0.25,60.066936533098776,-1.1575,61.224436533098775
1848.186109304428,34.3125,-0.3125,59.25018877812748,-1.446875,61.21086878002357
1851.0021276474,34.25,-0.25,60.556316603293865,-1.1575,61.200014515991846
1853.8181109428406,34.25,-0.25,60.03166037234631,-1.1575,61.18916037234631
1856.6345682144165,34.1875,-0.1875,60.82661921883021,-0.868125,61.18101846471713
1859.4501185417175,34.3125,-0.3125,58.69281174690548,-1.446875,61.16745277130238
1862.2661237716675,34.25,-0.25,60.51290254906578,-1.1575,61.15659854770571
1865.082111120224,34.25,-0.25,59.988244393951405,-1.1575,61.145744393951404
1867.8981103897095,34.25,-0.25,59.97739019516715,-1.1575,61.13489019516715
1870.7146179676056,34.25,-0.25,59.96653412718073,-1.1575,61.12403412718073
1873.530110359192,34.25,-0.25,59.9556817957607,-1.1575,61.113181795760696
1876.346577167511,34.25,-0.25,59.94482588124368,-1.1575,61.10232588124368
1879.1625607013702,34.25,-0.25,59.933971743112004,-1.1575,61.091471743112
1881.9781095981598,34.25,-0.25,59.923119189299186,-1.1575,61.080619189299185
1884.7981805801392,34.25,-0.25,59.91224930630968,-1.1575,61.06974930630968
1887.6105690002441,34.25,-0.25,59.90140911000012,-1.1575,61.058909110000116
1890.4261062145233,34.3125,-0.3125,59.0845833284373,-1.446875,61.0453434728728
1893.2421050071716,34.25,-0.25,60.390794405570645,-1.1575,61.03448927316957
1896.0581221580505,34.25,-0.25,59.86613501097581,-1.1575,61.02363501097581
1898.87411236763,34.25,-0.25,59.85528084619376,-1.1575,61.012780846193756
1901.6901142597198,34.3125,-0.3125,59.03853338769278,-1.446875,60.99921308507749
1904.5061039924622,34.25,-0.25,60.34466579460729,-1.1575,60.9883589221334
1907.3221275806427,34.25,-0.25,59.8200046277754,-1.1575,60.977504627775396
1910.1380903720856,34.25,-0.25,59.80915057235178,-1.1575,60.96665057235178
1912.9541006088257,34.25,-0.25,59.798296326699635,-1.1575,60.955796326699634
1915.7701201438904,34.25,-0.25,59.787442054397104,-1.1575,60.9449420543971
1918.5865466594696,34.25,-0.25,59.776586288754594,-1.1575,60.93408628875459
1921.4025921821594,34.3125,-0.3125,58.959846453652005,-1.446875,60.920518320868176
1924.218111038208,34.25,-0.25,60.26605473253554,-1.1575,60.90966588927949
1927.034512758255,34.1875,-0.1875,60.5471341457308,-0.868125,60.90152412845712
1929.8505547046661,34.1875,-0.1875,60.02525836771305,-0.868125,60.89338336771305
1932.6665558815002,34.25,-0.25,59.211224291104784,-1.1575,60.88252916249595
1935.4825525283813,34.25,-0.25,59.71417498025331,-1.1575,60.87167498025331
1938.2981181144714,34.25,-0.25,59.70332236394996,-1.1575,60.86082236394996
1941.1141209602356,34.25,-0.25,59.69246815230001,-1.1575,60.84996815230001
1943.930239200592,34.25,-0.25,59.68161348851266,-1.1575,60.83911348851266
1946.7465772628784,34.1875,-0.1875,60.47659464555608,-0.868125,60.830971928946575
1949.5626349449158,34.25,-0.25,59.14882302938135,-1.1575,60.82011750409362
1952.3781082630157,34.25,-0.25,59.651765239759015,-1.1575,60.809265239759014
1955.1940870285034,34.1875,-0.1875,60.44680878797727,-0.868125,60.801124653391106
1958.010104417801,34.25,-0.25,59.11896855755032,-1.1575,60.79027038384552
1960.8261075019836,34.25,-0.25,59.62191616760068,-1.1575,60.77941616760068
1963.6421082019806,34.3125,-0.3125,58.80516832792352,-1.446875,60.76584841682292
1966.4582657814026,34.25,-0.25,60.11127123272413,-1.1575,60.75499363540633
1969.2741079330444,34.25,-0.25,59.58664001374055,-1.1575,60.74414001374055
1972.090117931366,34.25,-0.25,59.575785777278185,-1.1575,60.733285777278184
1974.906109571457,34.1875,-0.1875,60.37082667401462,-0.868125,60.72514514955624
1977.7221097946167,34.25,-0.25,59.04298620069589,-1.1575,60.714290941582206
1980.538102388382,34.1875,-0.1875,60.35183183831865,-0.868125,60.70615031386027
1983.3541038036346,34.3125,-0.3125,58.2180979862656,-1.446875,60.69258255504145
1986.1701216697693,34.1875,-0.1875,60.84392103162169,-0.868125,60.68444185701766
1988.9865880012512,34.25,-0.25,59.00236201396786,-1.1575,60.673585941581656
1991.802573442459,34.25,-0.25,59.50523179701714,-1.1575,60.66273179701714
1994.618112564087,34.25,-0.25,59.494379282720395,-1.1575,60.651879282720394
1997.434124469757,34.1875,-0.1875,60.289416732570125,-0.868125,60.64373860123821
2000.2501022815704,34.25,-0.25,58.96157573474489,-1.1575,60.632884477810194
2003.0665562152863,34.25,-0.25,59.464528612918016,-1.1575,60.622028612918015
2005.8825685977936,34.1875,-0.1875,60.25956562086244,-0.868125,60.6138879245435
2008.69810628891,34.1875,-0.1875,59.73762354571328,-0.868125,60.605748545713276
2011.5145671367645,34.25,-0.25,58.92366729788428,-1.1575,60.59489266060356
2014.3305587768555,34.25,-0.25,59.4265384838748,-1.1575,60.5840384838748
2017.1461157798767,34.1875,-0.1875,60.22165606333216,-0.868125,60.57589905197357
2019.962111234665,34.1875,-0.1875,59.69963341115619,-0.868125,60.56775841115619
2022.7784209251404,34.25,-0.25,58.88565294026726,-1.1575,60.556903048945216
2025.5941128730774,34.25,-0.25,59.388550003478926,-1.1575,60.546050003478925
2028.4105682373047,34.25,-0.25,59.3776941404247,-1.1575,60.5351941404247
2031.2261190414429,34.25,-0.25,59.36684158201699,-1.1575,60.52434158201699
2034.0421192646027,34.25,-0.25,59.35598737312397,-1.1575,60.51348737312397
2036.8585574626923,34.1875,-0.1875,60.15094984218489,-0.868125,60.50534552201197
2039.6745536327362,34.1875,-0.1875,59.62907988257306,-0.868125,60.49720488257306
2042.4905495643616,34.1875,-0.1875,59.62093924313414,-0.868125,60.48906424313414
2045.30611038208,34.25,-0.25,58.80683046522448,-1.1575,60.478211649805246
2048.122107744217,34.1875,-0.1875,60.11575122081073,-0.868125,60.470071001406296
2050.9382133483887,34.1875,-0.1875,59.59380505112292,-0.868125,60.46193005112292
2053.754739046097,34.1875,-0.1875,59.585662946372864,-0.868125,60.45378794637286
2056.5705478191376,34.1875,-0.1875,59.57752283902247,-0.868125,60.44564783902247
2059.3861167430878,34.1875,-0.1875,59.56938337059185,-0.868125,60.43750837059185
2062.2021176815033,34.1875,-0.1875,59.56124271874673,-0.868125,60.42936771874673
2065.0181131362915,34.1875,-0.1875,59.55310207999705,-0.868125,60.42122707999705
2067.834110736847,34.1875,-0.1875,59.5449614357335,-0.868125,60.4130864357335
2070.6501071453094,34.1875,-0.1875,59.53682079215918,-0.868125,60.40494579215918
2073.46612906456,34.1875,-0.1875,59.52868008241842,-0.868125,60.39680508241842
2076.282119035721,34.25,-0.25,58.71464391925144,-1.1575,60.38595092223126
2079.0989282131195,34.1875,-0.1875,60.0233401100045,-0.868125,60.377807927680315
2081.9145505428314,34.1875,-0.1875,59.50154346476357,-0.868125,60.36966846476357
2084.730562210083,34.125,-0.125,60.2992922770754,-0.57875,60.364241320800986
2087.5461099147797,34.1875,-0.1875,58.97409363559979,-0.868125,60.356101908887545
2090.3620975017548,34.1875,-0.1875,59.47983629495028,-0.868125,60.34796129495028
2093.178575515747,34.125,-0.125,60.27750577063831,-0.57875,60.34253332160965
2095.994127511978,34.1875,-0.1875,58.952386450094885,-0.868125,60.33439389660076
2098.810106277466,34.125,-0.125,60.26402544606676,-0.57875,60.32896683350828
2101.6261146068573,34.125,-0.125,59.744789718034035,-0.57875,60.323539718034034
2104.446844816208,34.125,-0.125,59.73935356486619,-0.57875,60.31810356486619
2107.258120536804,34.125,-0.125,59.73393550454613,-0.57875,60.31268550454613
2110.0745706558228,34.125,-0.125,59.728507581289826,-0.57875,60.307257581289825
2112.890557527542,34.125,-0.125,59.72308050762909,-0.57875,60.30183050762909
2115.7065489292145,34.125,-0.125,59.71765342018369,-0.57875,60.29640342018369
2118.5221090316772,34.1875,-0.1875,58.90625787625687,-0.868125,60.288263973808554
2121.34255695343,34.125,-0.125,60.217077222453945,-0.57875,60.28282834445843
2124.1545765399933,34.125,-0.125,59.69865891577945,-0.57875,60.277408915779446
2126.9701693058014,34.1875,-0.1875,58.88726889625544,-0.868125,60.26926938049314
2129.7861108779907,34.125,-0.125,60.198907700156234,-0.57875,60.26384238816201
2132.6021070480347,34.125,-0.125,59.6796652965812,-0.57875,60.2584152965812
2135.4184970855713,34.125,-0.125,59.67423747854793,-0.57875,60.25298747854793
2138.234080553055,34.1875,-0.1875,58.86284518932288,-0.868125,60.24484797979102
2141.0506086349487,34.125,-0.125,60.17438278728148,-0.57875,60.23941990536275
2143.8665590286255,34.125,-0.125,59.65524290200388,-0.57875,60.23399290200388
2146.682106733322,34.125,-0.125,59.649816627854406,-0.57875,60.228566627854406
2149.4981141090393,34.1875,-0.1875,58.83849738691894,-0.868125,60.22042595326456
2152.3145668506622,34.0625,-0.0625,60.95579041082119,-0.289375,60.21771198910922
2155.1305384635925,34.125,-0.125,59.119725065214745,-0.57875,60.21228493934193
2157.9465613365173,34.125,-0.125,59.62810779629833,-0.57875,60.20685779629833
2160.76229095459,34.125,-0.125,59.62268117431551,-0.57875,60.20143117431551
2163.5781087875366,34.0625,-0.0625,60.4231809510586,-0.289375,60.19871779876586
2166.394109725952,34.125,-0.125,59.10073569563969,-0.57875,60.19329069753578
2169.2101125717163,34.125,-0.125,59.60911359079183,-0.57875,60.18786359079183
2172.026656627655,34.125,-0.125,59.603685487415746,-0.57875,60.182435487415745
2174.8425500392914,34.0625,-0.0625,60.404171312427806,-0.289375,60.179722038577566
2177.658114671707,34.125,-0.125,59.08166537537721,-0.57875,60.174295733182824
2180.4741027355194,34.125,-0.125,59.590118655386696,-0.57875,60.168868655386696
2183.2901191711426,34.125,-0.125,59.58469152291134,-0.57875,60.16344152291134
2186.106121778488,34.0625,-0.0625,60.38515779926687,-0.289375,60.16072797137733
2188.9221239089966,34.125,-0.125,59.06274664300887,-0.57875,60.155300861876434
2191.738115310669,34.125,-0.125,59.57112378040439,-0.57875,60.14987378040439
2194.554113149643,34.125,-0.125,59.565696683769204,-0.57875,60.1444466837692
2197.3705735206604,34.0625,-0.0625,60.36608281290373,-0.289375,60.141732711113306
2200.1865561008453,34.125,-0.125,59.043747465889716,-0.57875,60.13630564342594
2203.0021007061005,34.125,-0.125,59.552129376628294,-0.57875,60.13087937662829
2205.8181109428406,34.125,-0.125,59.546702256099664,-0.57875,60.12545225609966
2208.634554862976,34.125,-0.125,59.541274344790075,-0.57875,60.120024344790075
2211.4506406784058,34.1875,-0.1875,58.72996927428068,-0.868125,60.111883442063835
2214.266115665436,34.125,-0.125,60.04160411713584,-0.57875,60.10645731035602
2217.085287094116,34.0625,-0.0625,60.32759295938211,-0.289375,60.1037407050566
2219.8981103897095,34.125,-0.125,59.00518475555731,-0.57875,60.09831972284455
2222.7141060829163,34.125,-0.125,59.51414263172323,-0.57875,60.09289263172323
2225.5301117897034,34.125,-0.125,59.508715519465404,-0.57875,60.087465519465404
2228.3465440273285,34.125,-0.125,59.50328762883283,-0.57875,60.08203762883283
2231.162125825882,34.125,-0.125,59.49786129219282,-0.57875,60.07661129219282
2233.978104352951,34.125,-0.125,59.49243423185728,-0.57875,60.07118423185728
2236.7945420742035,34.125,-0.125,59.487006330656456,-0.57875,60.065756330656455
2239.6111764907837,34.125,-0.125,59.48157806967557,-0.57875,60.06032806967557
2242.4481444358826,34.1875,-0.1875,58.674003682349024,-0.868125,60.052126649461286
2245.2741091251373,34.125,-0.125,59.97992329972267,-0.57875,60.04668034066256
2248.090111732483,34.125,-0.125,59.46250323621606,-0.57875,60.04125323621606
2250.90615439415,34.1875,-0.1875,58.65118938955604,-0.868125,60.033112474782754
2253.7221088409424,34.1875,-0.1875,59.15684694079662,-0.868125,60.02497194079662
2256.538111448288,34.125,-0.125,59.95459931392947,-0.57875,60.01954483405266
2259.3541147708893,34.125,-0.125,59.43536772822769,-0.57875,60.01411772822769
2262.170119524002,34.1875,-0.1875,58.6240478451088,-0.868125,60.00597706397636
2264.98610496521,34.125,-0.125,59.93560751440088,-0.57875,60.00054998939665
2267.8021025657654,34.125,-0.125,59.41637289459942,-0.57875,59.99512289459942
2270.618562936783,34.125,-0.125,59.410944951125586,-0.57875,59.989694951125585
2273.4341146945953,34.1875,-0.1875,58.59954786548307,-0.868125,59.98155552956286
2276.250118970871,34.1875,-0.1875,59.10528986531153,-0.868125,59.97341486531153
2279.0661120414734,34.125,-0.125,59.90304408481506,-0.57875,59.96798777786613
2281.882119655609,34.1875,-0.1875,58.57791849411849,-0.868125,59.95984710396552
2284.6985614299774,34.1875,-0.1875,59.083580243204246,-0.868125,59.951705243204245
2287.5148375034332,34.1875,-0.1875,59.075438793915566,-0.868125,59.943563793915565
2290.33056640625,34.1875,-0.1875,59.06729892641856,-0.868125,59.93542392641856
2293.1461029052734,34.1875,-0.1875,59.0591595448314,-0.868125,59.9272845448314
2295.9621958732605,34.1875,-0.1875,59.05101862900972,-0.868125,59.91914362900972
2298.778532266617,34.125,-0.125,59.84870946388821,-0.57875,59.913715878980845
2301.59411072731,34.1875,-0.1875,58.52356943572103,-0.868125,59.90557644707962
2304.4101066589355,34.25,-0.25,58.22341660398245,-1.1575,59.89472225840413
2307.2261097431183,34.1875,-0.1875,59.53226121073743,-0.868125,59.8865816003559
2310.0421118736267,34.1875,-0.1875,59.010315941618444,-0.868125,59.87844094161844
2312.858116388321,34.1875,-0.1875,59.00217527598864,-0.868125,59.87030027598864
2315.674572467804,34.125,-0.125,59.79984875089893,-0.57875,59.86487234446153
2318.4901173114777,34.1875,-0.1875,58.47472431665472,-0.868125,59.85673293806195
2321.306802034378,34.125,-0.125,59.78623896280118,-0.57875,59.85130456266825
2324.1225633621216,34.1875,-0.1875,58.46119105000684,-0.868125,59.8431646007462
2326.938576698303,34.125,-0.125,59.772790215442875,-0.57875,59.837737475622674
2329.7541213035583,34.125,-0.125,59.25356120790605,-0.57875,59.83231120790605
2332.574112176895,34.125,-0.125,59.248126414826324,-0.57875,59.82687641482632
2335.386111974716,34.1875,-0.1875,58.43608645901746,-0.868125,59.81874732625732
2338.202105283737,34.125,-0.125,59.74837676556775,-0.57875,59.813320241109366
2341.018336057663,34.1875,-0.1875,58.423289399730706,-0.868125,59.80517894827677
2343.834543466568,34.125,-0.125,59.734771110970144,-0.57875,59.79975147348195
2346.6501059532166,34.125,-0.125,59.215575171303634,-0.57875,59.79432517130363
2349.466108083725,34.125,-0.125,59.21014806685712,-0.57875,59.78889806685712
2352.2825648784637,34.125,-0.125,59.20472013027563,-0.57875,59.78347013027563
2355.1025066375732,34.1875,-0.1875,58.39410718540097,-0.868125,59.77531806885352
2357.914115190506,34.125,-0.125,59.70575350168188,-0.57875,59.769899395115345
2360.7301127910614,34.1875,-0.1875,58.37982801356198,-0.868125,59.7617587549872
2363.54727268219,34.1875,-0.1875,58.88548981963206,-0.868125,59.75361481963206
2366.362117767334,34.1875,-0.1875,58.87735243751227,-0.868125,59.74547743751227
2369.178116083145,34.1875,-0.1875,58.869211789802556,-0.868125,59.737336789802555
2371.9941341876984,34.125,-0.125,59.66696148132496,-0.57875,59.73190965502976
2374.81010222435,34.1875,-0.1875,58.34183330717193,-0.868125,59.723769094852734
2377.62611246109,34.1875,-0.1875,58.84750341268133,-0.868125,59.715628412681326
2380.44283246994,34.1875,-0.1875,58.839360764815005,-0.868125,59.707485764815004
2383.2581038475037,34.1875,-0.1875,58.83122213724967,-0.868125,59.69934713724967
2386.074571609497,34.25,-0.25,58.01726720906196,-1.1575,59.688491223651624
2388.8905560970306,34.1875,-0.1875,59.326033446125656,-0.868125,59.6803506166067
2391.7067058086395,34.1875,-0.1875,58.80408453054426,-0.868125,59.67220953054426
2394.5225841999054,34.1875,-0.1875,58.795944228829924,-0.868125,59.66406922882992
2397.338118314743,34.1875,-0.1875,58.78780486378438,-0.868125,59.65592986378438
2400.1541068553925,34.1875,-0.1875,58.77966424157631,-0.868125,59.64778924157631
2402.970106601715,34.1875,-0.1875,58.77152359110966,-0.868125,59.63964859110966
2405.786110162735,34.125,-0.125,59.569275876320425,-0.57875,59.63422148344673
2408.602103471756,34.1875,-0.1875,58.244149416891744,-0.868125,59.62608085434632
2411.418508529663,34.1875,-0.1875,58.749814083874675,-0.868125,59.617939083874674
2414.234578847885,34.1875,-0.1875,58.74167324111178,-0.868125,59.60979824111178
2417.058165550232,34.25,-0.25,57.92899427902416,-1.1575,59.59891471037328
2419.8661069869995,34.1875,-0.1875,59.23795175435594,-0.868125,59.590797351875
2422.682564973831,34.1875,-0.1875,58.71453044424582,-0.868125,59.582655444245816
2425.498560190201,34.1875,-0.1875,58.706389806874604,-0.868125,59.5745148068746
2428.3140959739685,34.25,-0.25,57.89227668417811,-1.1575,59.56366230728151
2431.130563735962,34.25,-0.25,58.395306398278365,-1.1575,59.55280639827836
2433.9465761184692,34.1875,-0.1875,59.190343362032294,-0.868125,59.54466570921461
2436.762125015259,34.25,-0.25,57.862429971900774,-1.1575,59.53381315815873
2439.578111410141,34.1875,-0.1875,59.171354850336925,-0.868125,59.525672542843
2442.394112110138,34.25,-0.25,57.84351346623473,-1.1575,59.5148183376259
2445.210104942322,34.25,-0.25,58.34646416549202,-1.1575,59.50396416549202
2448.026555299759,34.3125,-0.3125,57.52979237982116,-1.446875,59.49039435160764
2450.842536687851,34.25,-0.25,58.8358484381903,-1.1575,59.47954021715188
2453.658113002777,34.25,-0.25,58.3111875677653,-1.1575,59.4686875677653
2456.474116563797,34.25,-0.25,58.30033335519638,-1.1575,59.45783335519638
2459.2901203632355,34.3125,-0.3125,57.483586362576595,-1.446875,59.44426558144416
2462.1061153411865,34.25,-0.25,58.78971735813571,-1.1575,59.43341139920152
2464.922108888626,34.25,-0.25,58.265057220634795,-1.1575,59.42255722063479
2467.7385728359222,34.25,-0.25,58.254201322659384,-1.1575,59.41170132265938
2470.554560661316,34.1875,-0.1875,59.049242528734005,-0.868125,59.40356069976208
2473.370104074478,34.25,-0.25,57.721323727163686,-1.1575,59.392708175356574
2476.1865603923798,34.25,-0.25,58.22435230495052,-1.1575,59.38185230495052
2479.0025084018707,34.25,-0.25,58.21349828996196,-1.1575,59.37099828996196
2481.818136692047,34.25,-0.25,58.20264549353883,-1.1575,59.36014549353883
2484.6341111660004,34.25,-0.25,58.19179134529839,-1.1575,59.34929134529839
2487.4505836963654,34.1875,-0.1875,58.98674727608554,-0.868125,59.34114939217978
2490.2665514945984,34.25,-0.25,57.65898439651196,-1.1575,59.330295314700685
2493.082159757614,34.25,-0.25,58.16194253665713,-1.1575,59.31944253665713
2495.8981108665466,34.25,-0.25,58.15108851891163,-1.1575,59.30858851891163
2498.7145659923553,34.25,-0.25,58.14023265953332,-1.1575,59.29773265953332
2501.5305564403534,34.25,-0.25,58.12937849199434,-1.1575,59.28687849199434
2504.3461060523987,34.25,-0.25,58.1185259345056,-1.1575,59.2760259345056
2507.16211271286,34.1875,-0.1875,58.913564135596054,-0.868125,59.2678852647404
2509.9785323143005,34.25,-0.25,57.585797078035945,-1.1575,59.25702952942417
2512.794550180435,34.25,-0.25,58.08867526171654,-1.1575,59.24617526171654
2515.610566139221,34.1875,-0.1875,58.883711871946815,-0.868125,59.23803456713892
2518.4261004924774,34.1875,-0.1875,58.36177019520104,-0.868125,59.22989519520104
2521.242574930191,34.25,-0.25,57.54781650151007,-1.1575,59.21903925495262
2524.0585696697235,34.1875,-0.1875,58.85657948882275,-0.868125,59.21089861689217
2526.87410569191,34.1875,-0.1875,58.33463424150812,-0.868125,59.20275924150812
2529.6901099681854,34.25,-0.25,57.520600803638786,-1.1575,59.19190502250635
2532.5065689086914,34.1875,-0.1875,58.82936382481279,-0.868125,59.18376311418793
2535.3221158981323,34.1875,-0.1875,58.30749870158525,-0.868125,59.17562370158525
2538.1381108760834,34.25,-0.25,57.49346351782559,-1.1575,59.16476952026159
2540.954206228256,34.25,-0.25,57.99641497410349,-1.1575,59.153914974103486
2543.770591020584,34.1875,-0.1875,58.79138685326041,-0.868125,59.14577326979829
2546.5865638256073,34.25,-0.25,57.46360980713797,-1.1575,59.13491915923597
2549.4021668434143,34.25,-0.25,57.96656640692381,-1.1575,59.12406640692381
2552.2181119918823,34.3125,-0.3125,57.149809037648126,-1.446875,59.11049891460874
2555.034111738205,34.25,-0.25,58.45594966962403,-1.1575,59.099644711229594
2557.850103378296,34.25,-0.25,57.9312905400147,-1.1575,59.0887905400147
2560.6661121845245,34.25,-0.25,57.92043630814723,-1.1575,59.07793630814723
2563.4821066856384,34.25,-0.25,57.90958212406663,-1.1575,59.06708212406663
2566.298568248749,34.25,-0.25,57.89872623436203,-1.1575,59.05622623436203
2569.11456489563,34.25,-0.25,57.88787203925369,-1.1575,59.04537203925369
2571.930109500885,34.25,-0.25,57.87701950841534,-1.1575,59.034519508415336
2574.7461338043213,34.1875,-0.1875,58.67205479293608,-0.868125,59.026378793160696
2577.562110900879,34.25,-0.25,57.34421567116741,-1.1575,59.01552467524655
2580.3781135082245,34.1875,-0.1875,58.653063539198236,-0.868125,59.00738401581986
2583.1941092014313,34.3125,-0.3125,56.51932971356767,-1.446875,58.993816283421666
2586.010836839676,34.1875,-0.1875,59.14490183117905,-0.868125,58.98567359695825
2588.8261284828186,34.25,-0.25,57.30339210738373,-1.1575,58.97482203288522
2591.642589330673,34.1875,-0.1875,58.612281232789094,-0.868125,58.966680130769916
2594.458551645279,34.1875,-0.1875,58.09041457059289,-0.868125,58.95853957059289
2597.274115085602,34.1875,-0.1875,58.08227511801465,-0.868125,58.95040011801465
2600.0902371406555,34.1875,-0.1875,58.074134128444946,-0.868125,58.942259128444945
2602.906571149826,34.25,-0.25,57.26015608422659,-1.1575,58.931403713852205
2605.7225518226624,34.1875,-0.1875,58.56894642243168,-0.868125,58.92326311438885
2608.538561820984,34.1875,-0.1875,58.04699743635285,-0.868125,58.915122436352846
2611.3546924591064,34.1875,-0.1875,58.0388563399519,-0.868125,58.9069813399519
2614.170113325119,34.25,-0.25,57.22471859534836,-1.1575,58.89612937152835
2616.98619222641,34.1875,-0.1875,58.533654315742325,-0.868125,58.887988494992996
2619.802104949951,34.1875,-0.1875,58.01172309196129,-0.868125,58.879848091961286
2622.6190869808197,34.1875,-0.1875,58.00357967353153,-0.868125,58.87170467353153
2625.4345512390137,34.1875,-0.1875,57.995440564191746,-0.868125,58.863565564191745
2628.2501175403595,34.1875,-0.1875,57.987301101274994,-0.868125,58.85542610127499
2631.0701172351837,34.1875,-0.1875,57.97914888959991,-0.868125,58.84727388959991
2633.882110118866,34.1875,-0.1875,57.97101982032947,-0.868125,58.839144820329466
2636.702574491501,34.1875,-0.1875,57.96286633357178,-0.868125,58.83099133357178
2639.514576435089,34.125,-0.125,58.76135732349791,-0.57875,58.82557193613807
2642.3301136493683,34.125,-0.125,58.24139568404408,-0.57875,58.82014568404408
2645.1461017131805,34.1875,-0.1875,57.43007288967281,-0.868125,58.812005066660646
2647.962550640106,34.1875,-0.1875,57.935738183154655,-0.868125,58.803863183154654
2650.7785313129425,34.1875,-0.1875,57.9275975878267,-0.868125,58.7957225878267
2653.594122648239,34.125,-0.125,58.72542175917995,-0.57875,58.790296231428655
2656.410130739212,34.1875,-0.1875,57.40022716174183,-0.868125,58.78215555408188
2659.2261114120483,34.1875,-0.1875,57.905889962200106,-0.868125,58.774014962200106
2662.0501153469086,34.1875,-0.1875,57.89772617415346,-0.868125,58.76585117415346
2664.8581013679504,34.1875,-0.1875,57.88960868470075,-0.868125,58.757733684700746
2667.6745595932007,34.125,-0.125,58.687281588289835,-0.57875,58.752305747200275
2670.4905569553375,34.125,-0.125,58.168128651024574,-0.57875,58.74687865102457
2673.30610203743,34.125,-0.125,58.16270238192948,-0.57875,58.74145238192948
2676.122546672821,34.1875,-0.1875,57.351457409030544,-0.868125,58.73331051151893
2678.938100337982,34.125,-0.125,58.663016674685544,-0.57875,58.72788422817967
2681.7581090927124,34.1875,-0.1875,57.338532468025285,-0.868125,58.7197319861783
2684.570554494858,34.125,-0.125,58.65002053034286,-0.57875,58.71431178142202
2687.3861150741577,34.125,-0.125,58.130135482460126,-0.57875,58.708885482460126
2690.2020995616913,34.125,-0.125,58.12470841063735,-0.57875,58.70345841063735
2693.018548488617,34.1875,-0.1875,57.313463994129954,-0.868125,58.69531653126676
2695.834553718567,34.1875,-0.1875,57.81905085736616,-0.868125,58.68717585736616
2698.6501064300537,34.1875,-0.1875,57.810911438560375,-0.868125,58.679036438560374
2701.4665541648865,34.1875,-0.1875,57.80276955987902,-0.868125,58.67089455987902
2704.2821106910706,34.1875,-0.1875,57.79463012453162,-0.868125,58.66275512453162
2707.098114490509,34.25,-0.25,56.98059638858432,-1.1575,58.65190091196269
2709.91411280632,34.1875,-0.1875,58.289440438777255,-0.868125,58.6437602628745
2712.7301173210144,34.125,-0.125,58.573387504124234,-0.57875,58.63833315475208
2715.546112537384,34.125,-0.125,58.05415606317128,-0.57875,58.632906063171276
2718.362557411194,34.125,-0.125,58.048728149104754,-0.57875,58.62747814910475
2721.1786646842957,34.125,-0.125,58.043300796993556,-0.57875,58.622050796993555
2723.9941053390503,34.125,-0.125,58.037874773265706,-0.57875,58.616624773265706
2726.810566663742,34.125,-0.125,58.03244683117034,-0.57875,58.61119683117034
2729.6265614032745,34.125,-0.125,58.02701973775157,-0.57875,58.60576973775157
2732.4421124458313,34.125,-0.125,58.02159345441232,-0.57875,58.60034345441232
2735.25870513916,34.125,-0.125,58.016165214567934,-0.57875,58.59491521456793
2738.078545808792,34.1875,-0.1875,57.20553126496484,-0.868125,58.58676349224888
2740.8901059627533,34.125,-0.125,58.51720924387461,-0.57875,58.58134492603118
2743.7061126232147,34.0625,-0.0625,58.80306019656723,-0.289375,58.57863136921303
2746.5221083164215,34.0625,-0.0625,58.28654282342263,-0.289375,58.57591782342263
2749.338113307953,34.125,-0.125,57.477936624180224,-0.57875,58.57049071254327
2752.15411734581,34.0625,-0.0625,58.7922065515855,-0.289375,58.567777158711806
2754.970109939575,34.125,-0.125,57.46979389344459,-0.57875,58.562350069887934
2757.786107301712,34.1875,-0.1875,57.17227885958467,-0.868125,58.554209427002846
2760.602114915848,34.125,-0.125,58.48383605279889,-0.57875,58.54878231244758
2763.418110370636,34.125,-0.125,57.96460522132626,-0.57875,58.54335522132626
2766.254122018814,34.125,-0.125,57.95913955286797,-0.57875,58.537889552867966
2769.0823633670807,34.125,-0.125,57.953688861461,-0.57875,58.532438861461
2771.8985543251038,34.125,-0.125,57.94826143629102,-0.57875,58.52701143629102
2774.71457529068,34.125,-0.125,57.9428342937069,-0.57875,58.5215842937069
2777.530115365982,34.1875,-0.1875,57.131435066776746,-0.868125,58.513444906605876
2780.3462748527527,34.125,-0.125,58.443043574742404,-0.57875,58.50801749981546
2783.162108898163,34.125,-0.125,57.92384071838988,-0.57875,58.50259071838988
2785.9782741069794,34.125,-0.125,57.91841330195019,-0.57875,58.49716330195019
2788.7945594787598,34.125,-0.125,57.91298569252502,-0.57875,58.49173569252502
2791.6101129055023,34.0625,-0.0625,58.71352977863881,-0.289375,58.48902254970667
2794.4261186122894,34.125,-0.125,57.391041264380235,-0.57875,58.48359543974629
2797.2421176433563,34.0625,-0.0625,58.70531206595298,-0.289375,58.48088189005023
2800.0585672855377,34.125,-0.125,57.38297686362311,-0.57875,58.47545396587494
2802.8745720386505,34.125,-0.125,57.89127685499559,-0.57875,58.47002685499559
2805.6905629634857,34.125,-0.125,57.88584977628048,-0.57875,58.46459977628048
2808.506100177765,34.125,-0.125,57.88042351913211,-0.57875,58.45917351913211
2811.3225650787354,34.0625,-0.0625,58.680808905063955,-0.289375,58.45645954257055
2814.138555288315,34.125,-0.125,57.35847528732709,-0.57875,58.45103246431493
2816.9541068077087,34.0625,-0.0625,58.67282676915118,-0.289375,58.448319322645304
2819.7701230049133,34.125,-0.125,57.35033997420239,-0.57875,58.44289219200791
2822.58611035347,34.125,-0.125,57.85871511467127,-0.57875,58.43746511467127
2825.4025604724884,34.0625,-0.0625,58.65910307996269,-0.289375,58.43475115166464
2828.2181119918823,34.0625,-0.0625,58.14266301183297,-0.289375,58.43203801183297
2831.034578561783,34.125,-0.125,57.33413612650118,-0.57875,58.426610054114974
2833.850554704666,34.0625,-0.0625,58.64833109723315,-0.289375,58.423896527623114
2836.6665709018707,34.125,-0.125,57.32591726526357,-0.57875,58.41846939606675
2839.4825546741486,34.1875,-0.1875,57.02839613075439,-0.868125,58.410328786264884
2842.298564195633,34.0625,-0.0625,59.14584753522466,-0.289375,58.40761522852776
2845.1185371875763,34.125,-0.125,57.31034953034725,-0.57875,58.402180468531256
2847.930110692978,34.125,-0.125,57.81801185728361,-0.57875,58.39676185728361
2850.7461013793945,34.125,-0.125,57.81258477259514,-0.57875,58.39133477259514
2853.5625762939453,34.0625,-0.0625,58.612968497258116,-0.289375,58.38862078730329
2856.378113746643,34.125,-0.125,57.29055912968232,-0.57875,58.3831945352093
2859.194164991379,34.125,-0.125,57.79901733381057,-0.57875,58.37776733381057
2862.0145721435547,34.1875,-0.1875,56.988482628728335,-0.868125,58.36961400902283
2864.826581478119,34.125,-0.125,58.29997894091338,-0.57875,58.36419460056138
2867.6425879001617,34.125,-0.125,57.78001749106049,-0.57875,58.35876749106049
2870.458552122116,34.125,-0.125,57.77459045140197,-0.57875,58.35334045140197
2873.274581193924,34.0625,-0.0625,58.57505217973526,-0.289375,58.350626875974505
2876.0941174030304,34.0625,-0.0625,58.058534894353414,-0.289375,58.347909894353414
2878.9061131477356,34.0625,-0.0625,58.055825202528894,-0.289375,58.34520020252889
2881.7225563526154,34.125,-0.125,57.24729388522931,-0.57875,58.339772292138285
2884.5385658740997,34.0625,-0.0625,58.56148681924506,-0.289375,58.33705873141448
2887.354104042053,34.0625,-0.0625,58.044970604907995,-0.289375,58.334345604907995
2890.1706914901733,34.0625,-0.0625,58.04225648820223,-0.289375,58.33163148820223
2892.986580848694,34.125,-0.125,57.233624978986285,-0.57875,58.326204647502536
2895.802582025528,34.0625,-0.0625,58.54792053027607,-0.289375,58.32349109390082
2898.6185536384583,34.0625,-0.0625,58.03140257154436,-0.289375,58.32077757154436
2901.4341130256653,34.0625,-0.0625,58.028689423901376,-0.289375,58.318064423901376
2904.250107049942,34.0625,-0.0625,58.02597587902995,-0.289375,58.31535087902995
2907.066570997238,34.0625,-0.0625,58.02326190338737,-0.289375,58.31263690338737
2909.882544517517,34.0625,-0.0625,58.02054837781449,-0.289375,58.30992337781449
2912.6981115341187,34.125,-0.125,57.21186684377887,-0.57875,58.30449707104128
2915.5210127830505,34.0625,-0.0625,58.5249510999167,-0.289375,58.30177687207663
2918.330112695694,34.0625,-0.0625,58.00969496751376,-0.289375,58.29906996751376
2921.146121263504,34.0,0.0,58.81287370786507,0.0,58.29906996751376
2923.962560415268,34.0625,-0.0625,57.49325191326554,-0.289375,58.29635601599437
2926.7781145572662,34.0,0.0,58.810238070867655,0.0,58.29635601599437
2929.594103574753,34.0625,-0.0625,57.490460559512236,-0.289375,58.29364247548809
2932.410115480423,34.125,-0.125,57.19566222316806,-0.57875,58.28821535449997
2935.2261097431183,34.0,0.0,59.315827272368345,0.0,58.28821535449997
2938.0425629615784,34.0,0.0,58.28821535449997,0.0,58.28821535449997
2940.8581161499023,34.0625,-0.0625,57.48224467975441,-0.289375,58.28550221328983
2943.6741094589233,34.125,-0.125,57.18751899106497,-0.57875,58.280075124006466
2946.490104675293,34.0,0.0,59.30768678086403,0.0,58.280075124006466
2949.3061304092407,34.0625,-0.0625,57.47418620154714,-0.289375,58.277361548808756
2952.1221141815186,34.0,0.0,58.7911696828428,0.0,58.277361548808756
2954.938116788864,34.125,-0.125,56.66557539576754,-0.57875,58.27193444252429
2957.754109144211,34.0625,-0.0625,58.49365229321376,-0.289375,58.26922089926108
2960.570126056671,34.0,0.0,58.7830231170666,0.0,58.26922089926108
2963.3861162662506,34.0,0.0,58.26922089926108,0.0,58.26922089926108
2966.2025878429413,34.0625,-0.0625,57.463408252337224,-0.289375,58.26650691902361
2969.018553495407,34.0,0.0,58.78031779370969,0.0,58.26650691902361
2971.8345720767975,34.0,0.0,58.26650691902361,0.0,58.26650691902361
2974.650554418564,34.0625,-0.0625,57.4606102076437,-0.289375,58.26379338517992
2977.4661152362823,34.0625,-0.0625,57.97170523638821,-0.289375,58.26108023638821
2980.2821006774902,34.0,0.0,58.774887935400805,0.0,58.26108023638821
2983.098108291626,34.0,0.0,58.26108023638821,0.0,58.26108023638821
2985.971892118454,34.0625,-0.0625,57.46545987225433,-0.289375,58.25831101704519
2988.7941110134125,34.0,0.0,58.77098165674792,0.0,58.25831101704519
2991.6105740070343,34.0,0.0,58.25831101704519,0.0,58.25831101704519
2994.4265687465668,34.0625,-0.0625,57.45241620964568,-0.289375,58.25559747309274
2997.242112636566,34.0,0.0,58.76948118152992,0.0,58.25559747309274
3000.0580990314484,34.0,0.0,58.25559747309274,0.0,58.25559747309274
