Time (s),Temperature (Â°C)
0.8052418231964111,23.0
2.6333959102630615,23.5625
4.453220367431641,23.5
6.277167558670044,23.5625
8.101140022277832,23.5625
9.925153255462646,23.5625
11.7495436668396,23.5625
13.573146104812622,23.5625
15.397139549255371,23.5625
17.22156572341919,23.5625
19.045141220092773,23.5625
20.869139909744263,23.5625
22.70254421234131,23.5625
24.51714062690735,23.5625
26.34523892402649,23.625
28.169302940368652,23.5625
29.989140033721924,23.5625
31.81713032722473,23.5625
33.63785147666931,23.5625
35.46125078201294,23.5625
37.28513979911804,23.5625
39.10914731025696,23.5625
40.933146715164185,23.625
42.757147789001465,23.625
44.581143379211426,23.625
46.405139207839966,23.625
48.22913885116577,23.625
50.05314254760742,23.625
51.877142667770386,23.625
53.70114254951477,23.625
55.52543020248413,23.625
57.34914493560791,23.625
59.1731390953064,23.625
60.99719285964966,23.6875
62.82114505767822,23.6875
64.64542031288147,23.625
66.46932077407837,23.625
68.29721283912659,23.75
70.11724352836609,23.6875
71.94114208221436,23.75
73.76514458656311,23.75
75.5932674407959,23.75
77.41313743591309,23.75
79.23719358444214,23.8125
81.06114292144775,23.8125
82.88514399528503,23.75
84.70913696289062,23.8125
86.54114031791687,23.8125
88.35719895362854,23.875
90.1811408996582,23.8125
92.0051383972168,23.8125
93.82913732528687,23.875
95.65314722061157,23.875
97.47713994979858,23.875
99.3012318611145,23.9375
101.12517738342285,23.9375
102.94914388656616,23.9375
104.77314043045044,23.9375
106.59794425964355,23.9375
108.42118859291077,24.0
110.24514293670654,24.0
112.06923961639404,24.0
113.89319038391113,24.0625
115.71719193458557,24.125
117.54124975204468,24.0625
119.36515784263611,24.125
121.18913865089417,24.125
123.01317834854126,24.125
124.83713579177856,24.125
126.66117930412292,24.1875
128.48513507843018,24.1875
130.30914044380188,24.1875
132.13314414024353,24.1875
133.95718717575073,24.25
135.78114557266235,24.25
137.6051423549652,24.25
139.429190158844,24.3125
141.25313591957092,24.3125
143.07719039916992,24.375
144.90114402770996,24.3125
146.72513842582703,24.3125
148.55431151390076,24.375
150.37318325042725,24.4375
152.19715523719788,24.4375
154.02374029159546,24.4375
155.84519004821777,24.5
157.6691391468048,24.5
159.49329805374146,24.5625
161.31714510917664,24.5625
163.14118790626526,24.625
164.96514296531677,24.625
166.7931365966797,24.625
168.61314964294434,24.625
170.43714690208435,24.625
172.26121306419373,24.6875
174.0851447582245,24.6875
175.90913891792297,24.6875
177.7331886291504,24.75
179.55714797973633,24.75
181.38113737106323,24.75
183.2051854133606,24.8125
185.0291895866394,24.875
186.85315942764282,24.875
188.6771821975708,24.9375
190.50535655021667,24.9375
192.32513689994812,24.9375
194.14914560317993,24.9375
195.97739362716675,25.0
197.79713487625122,25.0
199.62118649482727,25.0625
201.44528365135193,25.0625
203.26919770240784,25.125
205.09314346313477,25.125
206.91713738441467,25.125
208.74113154411316,25.125
210.5652301311493,25.1875
212.3891463279724,25.1875
214.21318769454956,25.25
216.03715062141418,25.1875
217.8611376285553,25.1875
219.68518161773682,25.3125
221.50916266441345,25.3125
223.33314275741577,25.3125
225.15714144706726,25.3125
226.98115062713623,25.3125
228.80513310432434,25.3125
230.62919163703918,25.4375
232.4533200263977,25.4375
234.27718710899353,25.5
236.10115146636963,25.5
237.92930221557617,25.5625
239.74914503097534,25.5
241.5731906890869,25.625
243.39727401733398,25.625
245.2211401462555,25.625
247.0451455116272,25.625
248.86918544769287,25.6875
250.69314122200012,25.6875
252.5171821117401,25.75
254.34118485450745,25.8125
256.1651430130005,25.8125
257.9891459941864,25.8125
259.8131492137909,25.8125
261.6371808052063,25.875
263.49314045906067,25.875
265.3171417713165,25.875
267.14113306999207,25.875
268.96615386009216,25.9375
270.78918743133545,26.0
272.61314153671265,26.0
274.437212228775,26.0625
276.26113986968994,26.0625
278.08514285087585,26.0625
279.9132914543152,26.125
281.73315143585205,26.125
283.5571451187134,26.125
285.3811707496643,26.125
287.2051978111267,26.25
289.02914023399353,26.25
290.85314178466797,26.25
292.6771414279938,26.25
294.5011830329895,26.3125
296.3251883983612,26.375
298.1491668224335,26.375
299.9731376171112,26.375
301.7971851825714,26.4375
303.6211516857147,26.4375
305.4451448917389,26.4375
307.2691822052002,26.5
309.0931453704834,26.5
310.91770029067993,26.5
312.7411379814148,26.5
314.5651812553406,26.5625
316.3892729282379,26.625
318.21314811706543,26.625
320.0371422767639,26.625
321.86128997802734,26.6875
323.68515157699585,26.6875
325.50938391685486,26.6875
327.341997385025,26.6875
329.1571936607361,26.8125
330.9811885356903,26.75
332.8051407337189,26.75
334.6291387081146,26.8125
336.45313787460327,26.8125
338.2771499156952,26.8125
340.1011917591095,26.9375
341.92518639564514,26.875
343.749135017395,26.9375
345.5771415233612,26.9375
347.39713430404663,26.9375
349.25313997268677,26.9375
351.07718539237976,27.0
352.9013845920563,27.0
354.725305557251,27.0
356.5491898059845,27.125
358.3740944862366,27.0625
360.1971459388733,27.125
362.0211350917816,27.125
363.84530210494995,27.1875
365.6691427230835,27.1875
367.49313616752625,27.1875
369.31718826293945,27.25
371.14114570617676,27.25
372.965136051178,27.25
374.7891335487366,27.25
376.6132643222809,27.3125
378.43714356422424,27.3125
380.2611474990845,27.3125
382.0852038860321,27.375
383.9091408252716,27.375
385.73318576812744,27.4375
387.5571427345276,27.4375
389.3811435699463,27.4375
391.20519042015076,27.5
393.0291442871094,27.5
394.8533639907837,27.5
396.67718958854675,27.5625
398.501145362854,27.5625
400.32942390441895,27.5625
402.1492314338684,27.625
403.9731433391571,27.625
405.8012697696686,27.625
407.6211426258087,27.625
409.4451816082001,27.6875
411.26914620399475,27.6875
413.0931384563446,27.6875
414.91714549064636,27.6875
416.74114322662354,27.6875
418.56518936157227,27.75
420.3891530036926,27.75
422.24514079093933,27.75
424.0691828727722,27.8125
425.8935902118683,27.8125
427.71713376045227,27.8125
429.5411822795868,27.875
431.3657343387604,27.875
433.1891448497772,27.875
435.01314091682434,27.875
436.8372082710266,27.9375
438.6611387729645,27.9375
440.4852104187012,27.9375
442.3132562637329,27.9375
444.13317799568176,28.0
445.95714235305786,28.0
447.78114557266235,28.0
449.60517954826355,28.0625
451.4291594028473,28.0625
453.25314497947693,28.0625
455.07718563079834,28.125
456.9011435508728,28.125
458.7251808643341,28.125
460.55323696136475,28.125
462.37314105033875,28.125
464.19714975357056,28.125
466.02119731903076,28.1875
467.8451437950134,28.1875
469.6691391468048,28.1875
471.49318957328796,28.25
473.3218014240265,28.25
475.1411418914795,28.25
476.9651894569397,28.3125
478.79888916015625,28.3125
480.6171510219574,28.3125
482.4371826648712,28.375
484.26126646995544,28.3125
486.08513712882996,28.3125
487.90913581848145,28.375
489.737181186676,28.4375
491.55714297294617,28.4375
493.3811511993408,28.375
495.2051832675934,28.4375
497.0291361808777,28.4375
498.85318326950073,28.5
500.6771399974823,28.4375
502.5012650489807,28.5
504.3251419067383,28.5
506.1491425037384,28.5
507.9731795787811,28.5625
509.7971408367157,28.5625
511.6211371421814,28.5625
513.4451861381531,28.625
515.2693591117859,28.625
517.0931332111359,28.625
518.9171807765961,28.6875
520.747739315033,28.625
522.5651407241821,28.625
524.3891551494598,28.6875
526.2132503986359,28.6875
528.0377206802368,28.6875
529.8611845970154,28.75
531.6931459903717,28.6875
533.5091416835785,28.75
535.3331480026245,28.75
537.1571447849274,28.75
538.9811916351318,28.8125
540.8051402568817,28.75
542.6291933059692,28.75
544.4531395435333,28.8125
546.2771852016449,28.875
548.1011462211609,28.875
549.9251344203949,28.8125
551.7492060661316,28.9375
553.5731451511383,28.9375
555.3971476554871,28.875
557.2257890701294,28.9375
559.0451438426971,28.9375
560.8691325187683,28.9375
562.6932506561279,28.9375
564.5171854496002,29.0
566.3411448001862,28.9375
568.2139647006989,29.0
570.0211424827576,29.0
571.8451457023621,29.0
573.6691422462463,29.0
575.4931473731995,29.0
577.317188501358,29.0625
579.1411368846893,29.0625
580.9651401042938,29.0625
582.7891409397125,29.0625
584.6131381988525,29.0625
586.4371423721313,29.0625
588.2611904144287,29.125
590.0851457118988,29.125
591.9091806411743,29.1875
593.737468957901,29.1875
595.5572257041931,29.1875
597.3811438083649,29.125
599.205162525177,29.125
601.0291426181793,29.1875
602.8531394004822,29.1875
604.6811997890472,29.1875
606.5011367797852,29.1875
608.3251957893372,29.25
610.1491944789886,29.1875
611.9731340408325,29.25
613.7971374988556,29.25
615.6211402416229,29.25
617.4451394081116,29.25
619.2691421508789,29.25
621.0931825637817,29.3125
622.9491419792175,29.3125
624.7731373310089,29.3125
626.597149848938,29.3125
628.4211850166321,29.375
630.2453808784485,29.375
632.0691373348236,29.375
633.8931839466095,29.4375
635.7172794342041,29.375
637.5411336421967,29.4375
639.3651428222656,29.375
641.1892428398132,29.375
643.0131397247314,29.4375
644.8371374607086,29.4375
646.6613411903381,29.4375
648.4851410388947,29.4375
650.3091931343079,29.5
652.1331374645233,29.5
653.9571359157562,29.4375
655.7811396121979,29.5
657.6051394939423,29.5
659.4291410446167,29.5
661.253142118454,29.5
663.0771815776825,29.5625
664.9011406898499,29.5
666.7251465320587,29.5625
668.5491485595703,29.5625
670.3731420040131,29.5625
672.2055079936981,29.5625
674.0211434364319,29.5625
675.8451852798462,29.625
677.6691455841064,29.625
679.4931361675262,29.625
681.3171427249908,29.625
683.1452438831329,29.625
684.9651477336884,29.625
686.7891902923584,29.6875
688.613267660141,29.6875
690.437141418457,29.6875
692.261144399643,29.6875
694.0851359367371,29.6875
695.9091391563416,29.6875
697.7331874370575,29.8125
699.5571429729462,29.8125
701.3811914920807,29.75
703.2051374912262,29.75
705.0291404724121,29.75
706.8851437568665,29.8125
708.7091398239136,29.75
710.5333797931671,29.75
712.3571424484253,29.75
714.1813976764679,29.8125
716.0051374435425,29.75
717.8291392326355,29.75
719.6777005195618,29.8125
721.4771494865417,29.8125
723.3011405467987,29.8125
725.1319806575775,29.8125
726.9491875171661,29.875
728.7731447219849,29.875
730.6012098789215,29.875
732.4211430549622,29.875
734.2451391220093,29.875
736.069137096405,29.875
737.893141746521,29.875
739.7171840667725,29.9375
741.5411405563354,29.9375
743.3651440143585,29.9375
745.1891353130341,29.875
747.0131406784058,29.875
748.83713722229,29.9375
750.6614439487457,29.9375
752.4851424694061,29.9375
754.309154510498,29.9375
756.1334896087646,30.0
757.957145690918,30.0
759.7811419963837,30.0
761.6094591617584,30.0
763.4291472434998,30.0
765.2531404495239,30.0
767.0812697410583,30.0
768.9011416435242,30.0
770.7251842021942,30.0625
772.5491335391998,30.0625
774.3731424808502,30.0625
776.1971364021301,30.0
778.0211343765259,30.0
779.8451354503632,30.0625
781.6731383800507,30.0625
783.4931461811066,30.0625
785.317186832428,30.125
787.1411471366882,30.125
788.9651424884796,30.125
790.7891943454742,30.1875
792.615371465683,30.1875
794.437139749527,30.1875
796.2611396312714,30.1875
798.0852129459381,30.1875
799.9091463088989,30.125
801.7331550121307,30.1875
803.5612335205078,30.1875
805.3811438083649,30.1875
807.2051389217377,30.1875
809.0291519165039,30.1875
810.8531398773193,30.1875
812.6771824359894,30.25
814.5012667179108,30.1875
816.3251354694366,30.25
818.1491456031799,30.1875
819.9731397628784,30.1875
821.7971413135529,30.1875
823.6211452484131,30.25
825.4451429843903,30.25
827.2691428661346,30.25
829.0931396484375,30.25
830.917200088501,30.25
832.7411916255951,30.3125
834.5678169727325,30.3125
836.3891625404358,30.3125
838.2131402492523,30.25
840.0699133872986,30.3125
841.9171395301819,30.3125
843.7171430587769,30.25
845.5452823638916,30.3125
847.3651490211487,30.3125
849.1891379356384,30.3125
851.01318526268,30.375
852.8371431827545,30.375
854.6611397266388,30.375
856.4852821826935,30.375
858.3091394901276,30.375
860.1331377029419,30.3125
861.957150220871,30.3125
863.7811846733093,30.4375
865.6051721572876,30.375
867.4291481971741,30.375
869.253139257431,30.4375
871.0771448612213,30.4375
872.9011404514313,30.4375
874.7251372337341,30.4375
876.5494718551636,30.4375
878.3731377124786,30.375
880.1971409320831,30.375
882.0257971286774,30.4375
883.845146894455,30.4375
885.6691453456879,30.4375
887.4973475933075,30.4375
889.3171417713165,30.4375
891.1411371231079,30.4375
892.965145111084,30.4375
894.7891919612885,30.5
896.6131408214569,30.5
898.4371466636658,30.5
900.2611424922943,30.5
902.0851423740387,30.5
903.9091379642487,30.5
905.7331893444061,30.5625
907.5571477413177,30.5
909.3811459541321,30.5
911.2051396369934,30.5625
913.0293610095978,30.5625
914.8537211418152,30.5625
916.6811435222626,30.5625
918.5057995319366,30.5625
920.3251430988312,30.5625
922.1491351127625,30.5625
923.9732551574707,30.5625
925.7971844673157,30.625
927.6211383342743,30.625
929.4626262187958,30.5625
931.2691373825073,30.625
933.0931317806244,30.5625
934.9171993732452,30.625
936.7411437034607,30.625
938.5651378631592,30.625
940.3891410827637,30.625
942.2132151126862,30.625
944.037205696106,30.625
945.8617782592773,30.625
947.6852180957794,30.625
949.5091814994812,30.6875
951.3331489562988,30.6875
953.1571443080902,30.6875
954.9825041294098,30.6875
956.8051409721375,30.6875
958.6291449069977,30.6875
960.4572212696075,30.6875
962.2771348953247,30.6875
964.1011388301849,30.6875
965.9270670413971,30.75
967.749139547348,30.75
969.573139667511,30.75
971.3971998691559,30.75
973.2211349010468,30.75
975.0451414585114,30.75
976.8691458702087,30.75
978.6931781768799,30.8125
980.5171453952789,30.8125
982.3411469459534,30.8125
984.1651413440704,30.75
985.9891757965088,30.8125
987.8137211799622,30.8125
989.6371824741364,30.875
991.4611439704895,30.875
993.2851414680481,30.8125
995.1091346740723,30.8125
996.9332942962646,30.875
998.7571430206299,30.875
1000.5812785625458,30.8125
1002.4092357158661,30.875
1004.2291407585144,30.875
1006.0531497001648,30.875
1007.8772442340851,30.875
1009.701140165329,30.875
1011.5251474380493,30.875
1013.3491470813751,30.875
1015.1731407642365,30.875
1016.9971454143524,30.875
1018.8212685585022,30.9375
1020.6491403579712,30.875
1022.4691417217255,30.9375
1024.2931385040283,30.9375
1026.1171436309814,30.875
1027.9411435127258,30.875
1029.765148639679,30.875
1031.5891454219818,30.9375
1033.413141489029,30.9375
1035.2371406555176,30.9375
1037.0611386299133,30.875
1038.889940738678,30.9375
1040.709171295166,30.9375
1042.533138513565,30.9375
1044.3572356700897,30.9375
1046.1811385154724,30.9375
1048.0051350593567,30.9375
1049.829243183136,30.9375
1051.6531460285187,30.9375
1053.4771451950073,30.9375
1055.3011410236359,30.9375
1057.1251397132874,30.9375
1058.949144601822,30.9375
1060.773184299469,31.0
1062.5971412658691,31.0
1064.4211509227753,30.9375
1066.245141506195,30.9375
1068.0691392421722,31.0
1069.8931436538696,31.0
1071.7172589302063,31.0
1073.5411403179169,31.0
1075.3695344924927,31.0
1077.2091357707977,31.0
1079.0131359100342,31.0
1080.8371393680573,31.0
1082.661185503006,31.0625
1084.4854238033295,31.0
1086.3093621730804,31.0
1088.133142232895,31.0
1089.9571423530579,31.0
1091.7812428474426,31.0625
1093.605143070221,31.0625
1095.4291450977325,31.0625
1097.2531366348267,31.0625
1099.0771415233612,31.0625
1100.9011380672455,31.0
1102.725150346756,31.0
1104.5491852760315,31.125
1106.3731429576874,31.0625
1108.1971402168274,31.0625
1110.0211443901062,31.0625
1111.8451476097107,31.0625
1113.669142484665,31.125
1115.493145942688,31.0625
1117.3183236122131,31.0625
1119.141143321991,31.0625
1120.965143442154,31.125
1122.7933180332184,31.0625
1124.6131830215454,31.1875
1126.437141418457,31.1875
1128.2662725448608,31.0625
1130.0851435661316,31.0625
1131.9091420173645,31.0625
1133.7582533359528,31.125
1135.5571494102478,31.125
1137.3811430931091,31.125
1139.2051413059235,31.125
1141.029138326645,31.125
1142.8531332015991,31.125
1144.7411432266235,31.125
1146.5651454925537,31.125
1148.3891367912292,31.125
1150.2131395339966,31.125
1152.0371379852295,31.1875
1153.8618335723877,31.1875
1155.689207315445,31.25
1157.5091500282288,31.1875
1159.3372557163239,31.1875
1161.1571505069733,31.1875
1162.9811472892761,31.1875
1164.8098390102386,31.1875
1166.6291456222534,31.25
1168.453140258789,31.1875
1170.2771413326263,31.25
1172.101143360138,31.25
1173.9251396656036,31.1875
1175.7870934009552,31.1875
1177.605141401291,31.25
1179.4291455745697,31.25
1181.2531371116638,31.25
1183.0771520137787,31.25
1184.9011421203613,31.25
1186.7451446056366,31.25
1188.5491898059845,31.3125
1190.373369693756,31.25
1192.1971416473389,31.25
1194.021139383316,31.25
1195.8492064476013,31.25
1197.6697237491608,31.25
1199.4931445121765,31.3125
1201.3172335624695,31.3125
1203.141140460968,31.25
1204.965140581131,31.3125
1206.7892158031464,31.3125
1208.6131851673126,31.375
1210.4371359348297,31.3125
1212.261142730713,31.375
1214.0851364135742,31.375
1215.9091408252716,31.375
1217.7331430912018,31.375
1219.5571887493134,31.4375
1221.3811428546906,31.375
1223.2051396369934,31.3125
1225.029141664505,31.375
1226.853146314621,31.3125
1228.6771397590637,31.375
1230.5011451244354,31.4375
1232.3254828453064,31.375
1234.1491436958313,31.375
1235.9731431007385,31.375
1237.7971625328064,31.375
1239.6211442947388,31.375
1241.4451456069946,31.375
1243.2693214416504,31.375
1245.0931468009949,31.375
1246.9171478748322,31.375
1248.745147228241,31.375
1250.5651392936707,31.4375
1252.3891360759735,31.4375
1254.2131414413452,31.4375
1256.0371387004852,31.4375
1257.8611342906952,31.4375
1259.6851513385773,31.4375
1261.509189605713,31.5
1263.33314204216,31.375
1265.157142162323,31.375
1266.9811434745789,31.375
1268.8051421642303,31.375
1270.6292731761932,31.4375
1272.4531371593475,31.375
1274.28125,31.4375
1276.1011412143707,31.4375
1277.9251415729523,31.4375
1279.7537417411804,31.375
1281.573147535324,31.5
1283.3971400260925,31.4375
1285.2212369441986,31.4375
1287.0451443195343,31.5
1288.869139432907,31.4375
1290.7011489868164,31.4375
1292.5171384811401,31.5
1294.341139793396,31.4375
1296.1651425361633,31.4375
1297.9891431331635,31.5
1299.8131432533264,31.5
1301.6371524333954,31.5
1303.4611415863037,31.5
1305.285143852234,31.5
1307.1091542243958,31.5
1308.9331390857697,31.5
1310.75736951828,31.5
1312.5811457633972,31.5
1314.405133485794,31.5
1316.2293405532837,31.5
1318.0531423091888,31.5
1319.877191066742,31.5625
1321.7057437896729,31.5625
1323.5251438617706,31.5625
1325.3491394519806,31.5625
1327.173321723938,31.5
1328.997142314911,31.5625
1330.8211460113525,31.5625
1332.645718574524,31.5625
1334.4691922664642,31.625
1336.2931463718414,31.5625
1338.1171398162842,31.5625
1339.9411406517029,31.5625
1341.7651460170746,31.5625
1343.5891427993774,31.5625
1345.413340806961,31.5625
1347.2371447086334,31.5625
1349.061143875122,31.5625
1350.8851420879364,31.625
1352.709145307541,31.5625
1354.5331392288208,31.5625
1356.357157945633,31.5625
1358.181981086731,31.5625
1360.0051407814026,31.5625
1361.8291432857513,31.625
1363.6595137119293,31.625
1365.477140903473,31.625
1367.3011388778687,31.625
1369.1252398490906,31.625
1370.9491522312164,31.625
1372.7731401920319,31.625
1374.5971472263336,31.625
1376.4211888313293,31.6875
1378.2451438903809,31.625
1380.069142818451,31.625
1381.8931457996368,31.625
1383.737135887146,31.625
1385.5731461048126,31.6875
1387.3971424102783,31.6875
1389.2211418151855,31.625
1391.0451400279999,31.625
1392.8691437244415,31.625
1394.6933674812317,31.625
1396.5171506404877,31.625
1398.3411474227905,31.6875
1400.1693198680878,31.625
1401.989141702652,31.6875
1403.8131413459778,31.6875
1405.6481132507324,31.6875
1407.4611868858337,31.75
1409.2851412296295,31.75
1411.1092324256897,31.6875
1412.9331436157227,31.625
1414.7571396827698,31.625
1416.605149269104,31.6875
1418.4091358184814,31.6875
1420.229144334793,31.625
1422.0531406402588,31.625
1423.8771381378174,31.625
1425.7011444568634,31.625
1427.5891516208649,31.6875
1429.4131405353546,31.625
1431.237137079239,31.625
1433.0651428699493,31.625
1434.8851399421692,31.6875
1436.7093620300293,31.6875
1438.5331406593323,31.6875
1440.3571379184723,31.625
1442.1812026500702,31.6875
1444.0051436424255,31.6875
1445.8291504383087,31.6875
1447.6618061065674,31.625
1449.477149963379,31.6875
1451.3011412620544,31.6875
1453.125307559967,31.625
1454.9491379261017,31.625
1456.7771379947662,31.6875
1458.597146987915,31.6875
1460.421148300171,31.75
1462.245141029358,31.6875
1464.0691480636597,31.6875
1465.8931431770325,31.6875
1467.7171454429626,31.6875
1469.5731451511383,31.6875
1471.3971374034882,31.6875
1473.2211391925812,31.6875
1475.0451402664185,31.6875
1476.8691413402557,31.75
1478.6934833526611,31.6875
1480.5171475410461,31.6875
1482.3411390781403,31.75
1484.1696093082428,31.6875
1485.989140510559,31.75
1487.8131511211395,31.6875
1489.6376161575317,31.75
1491.4611837863922,31.8125
1493.285136938095,31.6875
1495.109147310257,31.75
1496.9331407546997,31.75
1498.7571427822113,31.75
1500.581148147583,31.75
1502.405143737793,31.8125
1504.2291424274445,31.75
1506.053142786026,31.8125
1507.8771443367004,31.75
1509.7011468410492,31.75
1511.525158405304,31.75
1513.3491415977478,31.8125
1515.173581123352,31.8125
1516.9971466064453,31.75
1518.8211476802826,31.75
1520.6487526893616,31.8125
1522.5011413097382,31.75
1524.3251428604126,31.8125
1526.1492946147919,31.8125
1527.9731369018555,31.8125
1529.7971999645233,31.8125
1531.6536011695862,31.75
1533.5427532196045,31.875
1535.365153312683,31.8125
1537.1897904872894,31.8125
1539.0134944915771,31.8125
1540.8371427059174,31.8125
1542.66171336174,31.8125
1544.4851429462433,31.8125
1546.3091404438019,31.75
1548.1331384181976,31.8125
1549.9571425914764,31.8125
1551.7815458774567,31.8125
1553.6051411628723,31.8125
1555.4291453361511,31.875
1557.2531554698944,31.8125
1559.0771358013153,31.8125
1560.9011390209198,31.8125
1562.7292077541351,31.8125
1564.549146413803,31.8125
1566.373143196106,31.8125
1568.197140455246,31.8125
1570.0211403369904,31.8125
1571.8451359272003,31.8125
1573.6691360473633,31.8125
1575.4931335449219,31.8125
1577.3171393871307,31.8125
1579.141146183014,31.8125
1580.965145111084,31.8125
1582.7891445159912,31.8125
1584.6131429672241,31.8125
1586.437143087387,31.8125
1588.2615406513214,31.8125
1590.0851588249207,31.8125
1591.9091432094574,31.8125
1593.7372319698334,31.8125
1595.5571568012238,31.8125
1597.3811433315277,31.875
1599.2053430080414,31.875
1601.0291440486908,31.8125
1602.8531382083893,31.8125
1604.677143573761,31.8125
1606.5011532306671,31.8125
1608.325134754181,31.875
1610.149177312851,31.875
1611.9731404781342,31.8125
1613.79714012146,31.875
1615.6212093830109,31.875
1617.4451389312744,31.875
1619.2691400051117,31.875
1621.093144416809,31.875
1622.921147108078,31.875
1624.7416861057281,31.875
1626.5651404857635,31.875
1628.389137506485,31.875
1630.2134230136871,31.875
1632.0371420383453,31.875
1633.8611407279968,31.875
1635.6893289089203,31.9375
1637.5091435909271,31.875
1639.3331339359283,31.9375
1641.157146692276,31.9375
1642.9811382293701,31.875
1644.8051407337189,31.9375
1646.6291427612305,31.875
1648.453716993332,31.9375
1650.2771482467651,31.9375
1652.1011414527893,31.875
1653.925139427185,31.875
1655.7491455078125,31.875
1657.5731418132782,31.875
1659.397147655487,31.875
1661.2212359905243,31.9375
1663.0451412200928,31.875
1664.8691358566284,31.875
1666.6932334899902,31.9375
1668.5171394348145,31.9375
1670.3411390781403,31.9375
1672.1651649475098,31.9375
1673.9891397953033,31.9375
1675.813138961792,31.9375
1677.6371412277222,31.9375
1679.4611358642578,31.9375
1681.2851445674896,31.875
1683.1091482639313,31.9375
1684.9331381320953,31.9375
1686.761146068573,31.9375
1688.5811421871185,31.9375
1690.4051415920258,31.9375
1692.2295196056366,31.9375
1694.0531408786774,31.9375
1695.8771433830261,31.9375
1697.7011485099792,31.9375
1699.5251393318176,31.9375
1701.349140882492,31.9375
1703.1776678562164,32.0
1704.9971470832825,31.9375
1706.8211529254913,31.9375
1708.6491549015045,32.0
1710.4691336154938,32.0
1712.293142080307,31.9375
1714.1171438694,32.0
1715.9411401748657,31.9375
1717.7651438713074,31.9375
1719.5891435146332,31.9375
1721.413342475891,31.9375
1723.2371380329132,31.9375
1725.0611371994019,31.9375
1726.8851373195648,31.9375
1728.7097642421722,31.9375
1730.5331621170044,31.9375
1732.3571400642395,32.0
1734.1812362670898,32.0
1736.0051400661469,32.0
1737.8291387557983,32.0
1739.6532499790192,32.0
1741.4771883487701,32.0
1743.3011388778687,32.0
1745.1291971206665,32.0625
1746.9491419792175,32.0
1748.7731404304504,32.0
1750.597139120102,32.0
1752.4211435317993,32.0
1754.2451395988464,32.0
1756.0691447257996,32.0625
1757.8931357860565,32.0
1759.7171413898468,32.0
1761.5411400794983,32.0
1763.365139245987,32.0625
1765.1936967372894,32.0625
1767.013141155243,32.0625
1768.8371412754059,32.0625
1770.6652402877808,32.0625
1772.4851386547089,32.0
1774.3091464042664,32.0625
1776.133260011673,32.0625
1777.9571397304535,32.0
1779.7811596393585,32.0625
1781.605137348175,32.0625
1783.4291388988495,32.0625
1785.2531397342682,32.0625
1787.0771434307098,32.0625
1788.9011390209198,32.0
1790.733143568039,32.0625
1792.5491359233856,32.0625
1794.3731396198273,32.0625
1796.1971423625946,32.0625
1798.0211334228516,32.0625
1799.8451375961304,32.0625
1801.6694946289062,32.0625
1803.4931426048279,32.0625
1805.3171412944794,32.0625
1807.1741411685944,32.0625
1808.9971380233765,32.0625
1810.821184873581,32.0625
1812.6532418727875,32.0625
1814.4691405296326,32.0625
1816.2931427955627,32.0625
1818.1171832084656,32.125
1819.9411396980286,32.0625
1821.765146970749,32.0625
1823.5891425609589,32.125
1825.4131405353546,32.125
1827.2371435165405,32.0625
1829.061185836792,32.1875
1830.8851442337036,32.0625
1832.7091405391693,32.125
1834.533136844635,32.0625
1836.3571376800537,32.0625
1838.1852385997772,32.0625
1840.0051383972168,32.125
1841.8291451931,32.0625
1843.653252363205,32.125
1845.4771411418915,32.0625
1847.301141500473,32.0625
1849.1292042732239,32.0625
1850.949140071869,32.125
1852.7731413841248,32.125
1854.597139596939,32.0625
1856.4211366176605,32.0625
1858.2451469898224,32.0625
1860.069144487381,32.125
1861.8931438922882,32.125
1863.7171392440796,32.125
1865.5411305427551,32.0625
1867.3651459217072,32.125
1869.1891376972198,32.125
1871.013141155243,32.125
1872.8371424674988,32.125
1874.661805152893,32.125
1876.4853644371033,32.125
1878.3091506958008,32.125
1880.1372876167297,32.125
1881.957151889801,32.125
1883.7811422348022,32.125
1885.6051397323608,32.125
1887.4291372299194,32.125
1889.2531399726868,32.125
1891.0771589279175,32.1875
1892.9011380672455,32.125
1894.7251379489899,32.125
1896.54914021492,32.125
1898.3731389045715,32.1875
1900.1971459388733,32.125
1902.0211396217346,32.1875
1903.845142364502,32.125
1905.6697425842285,32.125
1907.4931452274323,32.125
1909.3171412944794,32.125
1911.1411578655243,32.125
1912.9651415348053,32.1875
1914.7891471385956,32.125
1916.613251209259,32.1875
1918.4371345043182,32.1875
1920.2611405849457,32.1875
1922.085144996643,32.1875
1923.9091401100159,32.125
1925.7331426143646,32.1875
1927.5571427345276,32.1875
1929.381140947342,32.125
1931.2051455974579,32.1875
1933.0291349887848,32.1875
1934.8531408309937,32.1875
1936.6811318397522,32.1875
1938.5011794567108,32.25
1940.3251452445984,32.1875
1942.1496634483337,32.1875
1943.9731566905975,32.25
1945.7971503734589,32.1875
1947.621963262558,32.1875
1949.4451360702515,32.1875
1951.2691349983215,32.1875
1953.101557970047,32.1875
1954.9171442985535,32.1875
1956.7451972961426,32.1875
1958.5652792453766,32.25
1960.3891384601593,32.1875
1962.2131378650665,32.25
1964.0371434688568,32.25
1965.8611514568329,32.1875
1967.6851408481598,32.1875
1969.5091409683228,32.1875
1971.333148241043,32.25
1973.157142162323,32.1875
1974.9811334609985,32.25
1976.8051526546478,32.25
1978.6337008476257,32.1875
1980.4531376361847,32.1875
1982.2771439552307,32.25
1984.1021263599396,32.25
1985.9251463413239,32.25
1987.7491428852081,32.25
1989.5732448101044,32.25
1991.3971452713013,32.25
1993.2211360931396,32.25
1995.045137166977,32.25
1996.8691456317902,32.25
1998.6931431293488,32.25
2000.517141342163,32.25
2002.3411376476288,32.25
2004.1651430130005,32.25
2005.9931857585907,32.3125
2007.8131656646729,32.25
2009.6371381282806,32.25
2011.4611382484436,32.25
2013.2851445674896,32.1875
2015.1134476661682,32.25
2016.9331471920013,32.3125
2018.7571399211884,32.25
2020.5929005146027,32.25
2022.4051406383514,32.25
2024.2291412353516,32.25
2026.0572352409363,32.25
2027.8771352767944,32.25
2029.7011420726776,32.25
2031.525141954422,32.25
2033.3491394519806,32.3125
2035.173146724701,32.25
2036.997145652771,32.25
2038.8211448192596,32.25
2040.6451404094696,32.25
2042.4691383838654,32.25
2044.2931385040283,32.25
2046.1171417236328,32.25
2047.9411389827728,32.3125
2049.765139102936,32.25
2051.5933854579926,32.25
2053.413340806961,32.3125
2055.2371430397034,32.3125
2057.0658860206604,32.25
2058.885137319565,32.3125
2060.7132091522217,32.3125
2062.5332214832306,32.25
2064.3571438789368,32.3125
2066.181138277054,32.25
2068.0051407814026,32.3125
2069.829141139984,32.3125
2071.65314078331,32.25
2073.4771909713745,32.3125
2075.3011376857758,32.3125
2077.125878572464,32.3125
2078.9491379261017,32.3125
2080.7731564044952,32.3125
2082.5971415042877,32.3125
2084.421148777008,32.25
2086.245139360428,32.25
2088.06920671463,32.25
2089.8931436538696,32.3125
2091.71715259552,32.3125
2093.541262149811,32.3125
2095.365147829056,32.3125
2097.189151287079,32.3125
2099.0131845474243,32.25
2100.8371443748474,32.3125
2102.6611444950104,32.3125
2104.4851410388947,32.3125
2106.309143304825,32.3125
2108.133139848709,32.3125
2109.9571928977966,32.375
2111.7891430854797,32.3125
2113.6051371097565,32.3125
2115.429142475128,32.3125
2117.2531402111053,32.3125
2119.0773787498474,32.3125
2120.9011466503143,32.375
2122.7251393795013,32.3125
2124.569149494171,32.375
2126.3731467723846,32.375
2128.197139978409,32.3125
2130.0213997364044,32.3125
2131.8451533317566,32.3125
2133.6691381931305,32.3125
2135.5172066688538,32.3125
2137.317141532898,32.375
2139.141146183014,32.3125
2140.9651885032654,32.4375
2142.789142370224,32.375
2144.6131410598755,32.3125
2146.437177658081,32.375
2148.261144399643,32.375
2150.0851402282715,32.375
2151.9091391563416,32.375
2153.7331416606903,32.375
2155.557655096054,32.375
2157.3811419010162,32.375
2159.2051453590393,32.375
2161.0291624069214,32.375
2162.8531410694122,32.375
2164.6771335601807,32.375
2166.5052733421326,32.4375
2168.3251435756683,32.3125
2170.1491434574127,32.375
2171.97313952446,32.375
2173.797141313553,32.4375
2175.621160030365,32.375
2177.445132255554,32.4375
2179.2691473960876,32.375
2181.093148469925,32.375
2182.917148590088,32.375
2184.7411394119263,32.4375
2186.5651392936707,32.4375
2188.389140367508,32.375
2190.2131340503693,32.375
2192.0375905036926,32.375
2193.8611431121826,32.375
2195.685182571411,32.4375
2197.5092248916626,32.4375
2199.33314704895,32.4375
2201.157138824463,32.4375
2202.9812462329865,32.4375
2204.805140018463,32.4375
2206.629181623459,32.5
2208.4531400203705,32.4375
2210.277140378952,32.4375
2212.1011407375336,32.4375
2213.9251432418823,32.5
2215.753200531006,32.5
2217.5731332302094,32.4375
2219.3971326351166,32.4375
2221.22114109993,32.375
2223.0451381206512,32.4375
2224.869143486023,32.4375
2226.69313788414,32.5
2228.5214717388153,32.4375
2230.3411445617676,32.4375
2232.1651389598846,32.4375
2233.993907690048,32.4375
2235.8137259483337,32.4375
2237.6371388435364,32.5
2239.461254119873,32.4375
2241.285140991211,32.4375
2243.1091406345367,32.4375
2244.933151960373,32.5
2246.7651994228363,32.4375
2248.5811355113983,32.4375
2250.4051418304443,32.4375
2252.2331359386444,32.4375
2254.053132534027,32.4375
2255.8771483898163,32.5
2257.7011370658875,32.5
2259.5251438617706,32.5
2261.349136829376,32.5
2263.1731481552124,32.5
2264.9973936080933,32.4375
2266.8211460113525,32.5
2268.6451404094696,32.5
2270.4692418575287,32.5
2272.2931418418884,32.5
2274.1171407699585,32.5
2275.941209793091,32.5
2277.7651450634003,32.5
2279.589205265045,32.5
2281.413140296936,32.5
2283.237143278122,32.5
2285.0611333847046,32.5
2286.885139465332,32.5
2288.7091393470764,32.5
2290.533139705658,32.5
2292.3571343421936,32.5
2294.181134700775,32.4375
2296.005432844162,32.5
2297.8291466236115,32.5
2299.6531524658203,32.5
2301.477170944214,32.4375
2303.301139354706,32.5
2305.1251435279846,32.5
2306.949249267578,32.5
2308.7731602191925,32.5
2310.5971813201904,32.5625
2312.4211428165436,32.5
2314.2451367378235,32.5
2316.069142103195,32.5
2317.893142223358,32.5
2319.717140674591,32.5625
2321.541145324707,32.5625
2323.365140914917,32.5625
2325.189140319824,32.5
2327.0131406784058,32.5
2328.83713722229,32.5625
2330.66121673584,32.5625
2332.5094799995422,32.5
2334.309145450592,32.5
2336.1331374645233,32.5
2337.95929479599,32.5625
2339.7811381816864,32.5625
2341.605139017105,32.5625
2343.429229259491,32.5625
2345.2531394958496,32.5625
2347.077139377594,32.5
2348.9011466503143,32.5625
2350.7297875881195,32.5625
2352.549139738083,32.5625
2354.3731396198273,32.5
2356.197139978409,32.5625
2358.0211429595947,32.5
2359.845136165619,32.5
2361.669139146805,32.5625
2363.4931423664093,32.5625
2365.317144393921,32.5
2367.141134262085,32.5
2368.970388650894,32.5
2370.789166212082,32.5
2372.6131386756897,32.5625
2374.4458372592926,32.5625
2376.2611413002014,32.5625
2378.0852415561676,32.5625
2379.9092416763306,32.5625
2381.7337658405304,32.5625
2383.557139635086,32.5625
2385.381147146225,32.5625
2387.205147743225,32.5625
2389.029143810272,32.5625
2390.8531398773193,32.5625
2392.677139043808,32.5625
2394.5011444091797,32.5625
2396.3251399993896,32.5625
2398.1491401195526,32.5625
2399.973137617111,32.5625
2401.7971494197845,32.5625
2403.621185064316,32.625
2405.4495961666107,32.5625
2407.2691366672516,32.5625
2409.0931408405304,32.5625
2410.917240381241,32.5625
2412.7411408424377,32.5625
2414.5651371479034,32.625
2416.389242887497,32.5625
2418.2131395339966,32.5625
2420.0371420383453,32.5625
2421.861156463623,32.625
2423.6851444244385,32.5625
2425.509170770645,32.625
2427.3331360816956,32.5625
2429.15713763237,32.625
2430.9811432361603,32.5625
2432.8051364421844,32.5625
2434.629135608673,32.5625
2436.453522205353,32.5625
2438.277147293091,32.5625
2440.101134777069,32.5625
2441.9252092838287,32.5625
2443.7491388320923,32.625
2445.573132276535,32.625
2447.3972585201263,32.625
2449.22114109993,32.625
2451.0451459884644,32.625
2452.8691425323486,32.5625
2454.693148612976,32.625
2456.5171411037445,32.625
2458.341140985489,32.625
2460.165138244629,32.625
2461.9891419410706,32.625
2463.8131380081177,32.625
2465.6371376514435,32.625
2467.461136341095,32.625
2469.2851469516754,32.625
2471.109142303467,32.625
2472.9333820343018,32.625
2474.75714635849,32.5625
2476.5811419487,32.625
2478.413591861725,32.5625
2480.229375600815,32.5625
2482.0531363487244,32.625
2483.8812766075134,32.625
2485.701289653778,32.625
2487.5251376628876,32.625
2489.349138021469,32.625
2491.1731412410736,32.625
2492.9971401691437,32.625
2494.8211460113525,32.625
2496.645146369934,32.625
2498.469136238098,32.625
2500.2931854724884,32.6875
2502.1171419620514,32.625
2503.941145181656,32.625
2505.765153169632,32.6875
2507.589511871338,32.6875
2509.413511276245,32.625
2511.2371459007263,32.625
2513.061141014099,32.625
2514.8856608867645,32.6875
2516.7091426849365,32.625
2518.533143758774,32.6875
2520.3612928390503,32.625
2522.1811425685883,32.625
2524.0051460266113,32.625
2525.8291466236115,32.625
2527.65313744545,32.625
2529.477139234543,32.6875
2531.3011372089386,32.625
2533.1251332759857,32.6875
2534.949142932892,32.625
2536.773210287094,32.625
2538.5971376895905,32.625
2540.4211423397064,32.6875
2542.245144367218,32.625
2544.0691392421722,32.6875
2545.8936791419983,32.625
2547.71715259552,32.625
2549.541138648987,32.6875
2551.3652579784393,32.625
2553.1891391277313,32.625
2555.0131442546844,32.6875
2556.8412528038025,32.625
2558.661138534546,32.625
2560.4851450920105,32.6875
2562.3091468811035,32.625
2564.133136987686,32.6875
2565.9571409225464,32.625
2567.7851350307465,32.6875
2569.605139732361,32.6875
2571.429181575775,32.75
2573.2773563861847,32.6875
2575.0771429538727,32.6875
2576.901538133621,32.6875
2578.7251472473145,32.6875
2580.549140691757,32.6875
2582.377222061157,32.6875
2584.1971423625946,32.6875
2586.0251586437225,32.75
2587.8452501296997,32.6875
2589.6691448688507,32.6875
2591.4931433200836,32.75
2593.3171405792236,32.6875
2595.141139984131,32.75
2596.9651532173157,32.6875
2598.789146900177,32.6875
2600.613139629364,32.6875
2602.4371387958527,32.75
2604.2611377239227,32.75
2606.0851395130157,32.6875
2607.9091458320618,32.6875
2609.7331399917603,32.6875
2611.5571410655975,32.6875
2613.38658452034,32.6875
2615.2051408290863,32.75
2617.0291497707367,32.6875
2618.8532888889313,32.75
2620.677141189575,32.6875
2622.5011382102966,32.6875
2624.329267978668,32.6875
2626.149141073227,32.6875
2627.973147392273,32.6875
2629.79714345932,32.6875
2631.6211383342743,32.6875
2633.445136785507,32.75
2635.269145965576,32.6875
2637.0931403636932,32.6875
2638.9171402454376,32.6875
2640.7452318668365,32.6875
2642.5657167434692,32.6875
2644.389141559601,32.6875
2646.213139772415,32.6875
2648.037139415741,32.6875
2649.8613834381104,32.6875
2651.685151576996,32.6875
2653.509137868881,32.6875
2655.3574090003967,32.6875
2657.1571385860443,32.6875
2658.9811322689056,32.6875
2660.8132178783417,32.6875
2662.629141807556,32.6875
2664.4531371593475,32.6875
2666.2771365642548,32.6875
2668.1011307239532,32.6875
2669.9331407546997,32.6875
2671.7491552829742,32.6875
2673.5731403827667,32.6875
2675.397140264511,32.6875
2677.2219166755676,32.6875
2679.0451424121857,32.6875
2680.8691449165344,32.6875
2682.693145751953,32.6875
2684.517144680023,32.6875
2686.346526861191,32.6875
2688.1651422977448,32.6875
2689.9891436100006,32.6875
2691.813673734665,32.6875
2693.6371512413025,32.6875
2695.461142063141,32.6875
2697.288641691208,32.6875
2699.1091434955597,32.6875
2700.9331414699554,32.75
2702.7571403980255,32.6875
2704.5811409950256,32.6875
2706.4051418304443,32.75
2708.229142189026,32.6875
2710.0531392097473,32.75
2711.8771421909332,32.6875
2713.701140642166,32.6875
2715.5251426696777,32.6875
2717.3491444587708,32.75
2719.1731526851654,32.75
2720.9971454143524,32.75
2722.8292324543,32.6875
2724.6451382637024,32.6875
2726.4691383838654,32.6875
2728.293256521225,32.6875
2730.1171402931213,32.6875
2731.941146373749,32.6875
2733.7651495933533,32.6875
2735.589140892029,32.6875
2737.413144350052,32.75
2739.2371485233307,32.75
2741.0611612796783,32.75
2742.885145664215,32.75
2744.709146261215,32.75
2746.5331451892853,32.75
2748.3571829795837,32.8125
2750.181140422821,32.75
2752.0051441192627,32.75
2753.829574584961,32.75
2755.6531522274017,32.75
2757.47714138031,32.75
2759.301149368286,32.8125
2761.1251385211945,32.75
2762.9491391181946,32.75
2764.7732586860657,32.75
2766.597140312195,32.75
2768.421135663986,32.8125
2770.2451627254486,32.8125
2772.069135427475,32.8125
2773.8931436538696,32.8125
2775.717215538025,32.8125
2777.5411429405212,32.75
2779.3651373386383,32.8125
2781.189143896103,32.8125
2783.013137102127,32.8125
2784.837132692337,32.75
2786.6611375808716,32.8125
2788.4854991436005,32.8125
2790.309555053711,32.8125
2792.133150577545,32.8125
2793.9571356773376,32.75
2795.7901706695557,32.8125
2797.605136156082,32.8125
2799.429136991501,32.75
2801.2532439231873,32.8125
2803.077136516571,32.75
2804.9011404514313,32.8125
2806.725141763687,32.8125
2808.549142599106,32.8125
2810.3731389045715,32.8125
2812.1971378326416,32.8125
2814.021141767502,32.8125
2815.84520816803,32.875
2817.669139146805,32.875
2819.493140935898,32.8125
2821.3171348571777,32.8125
2823.1411395072937,32.8125
2824.965132713318,32.8125
2826.794043302536,32.8125
2828.613139152527,32.8125
2830.4371564388275,32.875
2832.2612426280975,32.8125
2834.0851397514343,32.8125
2835.9091436862946,32.8125
2837.7452368736267,32.8125
2839.5571432113647,32.8125
2841.3811399936676,32.8125
2843.2051417827606,32.8125
2845.0291426181793,32.8125
2846.8531386852264,32.8125
2848.677143096924,32.8125
2850.5011417865753,32.875
2852.3251354694366,32.875
2854.149145126343,32.8125
2855.973147392273,32.875
2857.801533937454,32.8125
2859.621153831482,32.875
2861.4451434612274,32.875
2863.269305706024,32.9375
2865.093138217926,32.875
2866.917140483856,32.875
2868.741246700287,32.875
2870.565139055252,32.8125
2872.389140367508,32.875
2874.213147878647,32.875
2876.037144422531,32.875
2877.861139535904,32.8125
2879.685136079788,32.875
2881.5091433525085,32.875
2883.333134651184,32.875
2885.157138824463,32.875
2886.9811429977417,32.875
2888.805141210556,32.875
2890.6291375160217,32.875
2892.453137397766,32.875
2894.2774896621704,32.9375
2896.101140975952,32.875
2897.925138235092,32.875
2899.7499992847443,32.875
2901.5731399059296,32.9375
2903.3971378803253,32.875
2905.2212386131287,32.875
2907.045142889023,32.875
2908.869138479233,32.875
2910.693136692047,32.875
2912.517142057419,32.875
2914.3411388397217,32.9375
2916.1651468276978,32.875
2917.9891440868378,32.875
2919.813134908676,32.9375
2921.637141227722,32.9375
2923.461135149002,32.875
2925.285144805908,32.9375
2927.1091437339783,32.9375
2928.9331436157227,32.9375
2930.758586883545,32.9375
2932.5811426639557,32.9375
2934.405142068863,32.875
2936.229237794876,32.9375
2938.0531408786774,32.875
2939.8771414756775,32.875
2941.7054653167725,32.875
2943.5251457691193,32.9375
2945.349139690399,32.875
2947.1731400489807,32.875
2948.9971425533295,32.875
2950.8211481571198,32.9375
2952.6451399326324,32.9375
2954.4691383838654,32.9375
2956.293139219284,32.9375
2958.11714053154,32.875
2959.941160440445,32.9375
2961.7651607990265,32.875
2963.589145898819,32.9375
2965.413139104843,32.9375
2967.2373430728912,33.0
2969.061154603958,32.9375
2970.8851387500763,32.9375
2972.7132544517517,32.875
2974.5336582660675,32.9375
2976.3571405410767,32.9375
2978.1811439990997,32.9375
2980.005143404007,32.9375
2981.829145669937,32.9375
2983.65313744545,32.9375
2985.4771378040314,32.9375
2987.301162004471,32.9375
2989.1251406669617,32.9375
2990.949143409729,32.9375
2992.7731325626373,32.9375
2994.5971438884735,32.9375
2996.421142101288,32.9375
2998.245586156845,32.9375
3000.0691504478455,32.9375
3001.893182039261,32.9375
3003.7172470092773,32.9375
3005.541138648987,32.875
3007.365139722824,32.9375
3009.189266204834,33.0
3011.01314330101,33.0
3012.837137699127,32.9375
3014.661142349243,32.9375
3016.4851455688477,32.9375
3018.3091399669647,32.9375
3020.133144378662,32.9375
3021.9571454524994,32.9375
3023.781138896942,32.9375
3025.605137825012,33.0
3027.429139137268,32.9375
3029.253135919571,33.0
3031.077137708664,32.9375
3032.901137828827,32.9375
3034.725413799286,32.9375
3036.549147129059,33.0
3038.373272418976,32.9375
3040.201382637024,33.0
3042.021138906479,32.9375
3043.845137119293,32.9375
3045.6732144355774,32.9375
3047.4931423664093,33.0
3049.317725419998,32.9375
3051.1411442756653,32.9375
3052.9651424884796,33.0
3054.789139986038,33.0
3056.613139152527,33.0
3058.437134742737,33.0
3060.261141061783,32.9375
3062.085141181946,33.0
3063.909138917923,33.0
3065.7356674671173,33.0
3067.5571372509003,33.0
3069.3811423778534,33.0
3071.2099294662476,33.0625
3073.0291357040405,33.0
3074.853138923645,33.0
3076.6852462291718,33.0
3078.501142501831,32.9375
3080.325139284134,32.9375
3082.1492381095886,33.0
3083.973153114319,32.9375
3085.801187515259,33.0
3087.621141433716,32.9375
3089.4451427459717,32.9375
3091.2691402435303,33.0
3093.0931556224823,32.9375
3094.917137861252,32.9375
3096.741138458252,33.0
3098.5651409626007,33.0
3100.3891384601593,32.9375
3102.213143348694,32.9375
3104.037158727646,32.9375
3105.8611629009247,32.9375
3107.6892688274384,33.0
3109.5091564655304,33.0
3111.3331503868103,32.9375
3113.1572630405426,33.0625
3114.9811623096466,32.9375
3116.8052072525024,33.0
3118.663296699524,33.0
3120.4851398468018,33.0
3122.309139728546,32.9375
3124.1331453323364,33.0625
3125.9571471214294,33.0625
3127.7811324596405,33.0
3129.605138063431,33.0
3131.4291367530823,33.0
3133.253137588501,33.0
3135.0771515369415,33.0625
3136.9011447429657,33.0
3138.7255403995514,33.0
3140.5491473674774,33.0
3142.373136281967,33.0625
3144.197266101837,33.0625
3146.021143436432,33.0
3147.8451375961304,33.0
3149.669252872467,33.0
3151.4931416511536,33.0625
3153.317142724991,33.0
3155.1411447525024,33.0
3156.9651398658752,33.0
3158.789145708084,33.0
3160.613139629364,33.0625
3162.4371376037598,33.0
3164.261137008667,33.0625
3166.0851423740387,33.0625
3167.90913939476,33.0
3169.733143568039,33.0
3171.5571372509003,33.0
3173.3811407089233,33.0
3175.213459968567,33.0
3177.029144048691,33.0
3178.8531455993652,33.0
3180.6815428733826,33.0
3182.501135110855,33.0
3184.325139284134,32.9375
3186.1572785377502,33.0
3187.9731347560883,33.0
3189.79714012146,33.0
3191.6211428642273,33.0
3193.445142507553,33.0
3195.2691955566406,33.0
3197.0931403636932,33.0625
3198.917136669159,33.0
3200.7412350177765,33.0
3202.5651416778564,33.0
3204.389139652252,33.0
3206.2131457328796,33.0
3208.0371391773224,33.0625
3209.8611359596252,33.0
3211.68536400795,33.0625
3213.509137868881,33.0
3215.3331487178802,33.0625
3217.1632368564606,33.0625
3218.98113822937,33.0625
3220.813142299652,33.0
3222.629264354706,33.0
3224.4531378746033,33.0625
3226.277139902115,33.0
3228.1011435985565,33.0625
3229.9254183769226,33.0625
3231.7491414546967,33.0625
3233.5731399059296,33.0
3235.39715719223,33.0
3237.2211458683014,33.0
3239.045138835907,33.0625
3240.869175195694,33.0625
3242.6931397914886,33.0625
3244.517149925232,33.0625
3246.341142177582,33.0625
3248.1652524471283,33.0
3249.9891440868378,33.0625
3251.813159227371,33.0625
3253.6412444114685,33.0625
3255.4611496925354,33.0625
3257.2905917167664,33.0625
3259.109161376953,33.0625
3260.9331443309784,33.0
3262.7571413517,33.0625
3264.5811398029327,33.0
3266.405147075653,33.0
3268.2291374206543,33.0
3270.057141304016,33.0625
3271.877146244049,33.0625
3273.7011845111847,33.125
3275.525147676468,33.0625
3277.349136352539,33.0625
3279.177614212036,33.0625
3280.9971463680267,33.0625
3282.8211414813995,33.0625
3284.645245075226,33.0625
3286.4693899154663,33.0625
3288.2931432724,33.0625
3290.1174280643463,33.0625
3291.9411458969116,33.0625
3293.7651376724243,33.0625
3295.5891494750977,33.0625
3297.4131424427032,33.0625
3299.2417743206024,33.0625
3301.064553499222,33.0625
3302.8851437568665,33.0625
3304.7093846797943,33.125
3306.533751010895,33.0625
3308.357137441635,33.0625
3310.1811406612396,33.0625
3312.0056018829346,33.0625
3313.8291399478912,33.0625
3315.653589248657,33.125
3317.4771876335144,33.0625
3319.30114197731,33.0625
3321.125159263611,33.0625
3322.949151277542,33.0625
3324.7731370925903,33.0625
3326.601277112961,33.125
3328.4211406707764,33.0625
3330.2451429367065,33.0625
3332.0691459178925,33.0625
3333.893133163452,33.0625
3335.7171483039856,33.0625
3337.5411427021027,33.0625
3339.3651401996613,33.0
3341.1891481876373,33.0625
3343.013135433197,33.0625
3344.83714056015,33.0625
3346.661138534546,33.0625
3348.485144138336,33.0625
3350.309139728546,33.0625
3352.133533477783,33.0625
3353.9571475982666,33.125
3355.781390428543,33.0625
3357.605477809906,33.0625
3359.42915225029,33.0625
3361.2531423568726,33.0625
3363.0772421360016,33.0625
3364.9011430740356,33.0625
3366.72514295578,33.0625
3368.5491440296173,33.0625
3370.373141527176,33.0625
3372.1971464157104,33.0625
3374.021149635315,33.0625
3375.8531408309937,33.0625
3377.6691365242004,33.125
3379.493145942688,33.0625
3381.317141532898,33.0625
3383.1411406993866,33.0625
3384.965143442154,33.0625
3386.7891433238983,33.0625
3388.6174240112305,33.125
3390.4371542930603,33.0625
3392.2611351013184,33.0625
3394.089273452759,33.0625
3395.9091486930847,33.0625
3397.73313498497,33.0625
3399.5624902248383,33.0625
3401.3811407089233,33.0625
3403.205135822296,33.0625
3405.0291423797607,33.0625
3406.8611421585083,33.0625
3408.677141904831,33.125
3410.501139163971,33.0625
3412.325132369995,33.0625
3414.149140357971,33.0625
3415.9731891155243,33.0625
3417.797134876251,33.0625
3419.621136903763,33.125
3421.4451513290405,33.0625
3423.269136428833,33.0625
3425.1131653785706,33.0625
3426.9171693325043,33.0625
3428.741137742996,33.0625
3430.569221019745,33.0625
3432.389143228531,33.0625
3434.2131412029266,33.0
3436.0702273845673,33.0625
3437.893139362335,33.0625
3439.717144727707,33.0625
3441.5411410331726,33.0625
3443.3693244457245,33.0625
3445.1891391277313,33.0625
3447.0131351947784,33.0625
3448.8371419906616,33.0625
3450.6611318588257,33.125
3452.485140800476,33.125
3454.3091402053833,33.0625
3456.1373810768127,33.125
3457.9571464061737,33.125
3459.7811419963837,33.125
3461.6053814888,33.125
3463.4291458129883,33.125
3465.253138065338,33.125
3467.077305316925,33.125
3468.901139974594,33.125
3470.725135087967,33.125
3472.5491898059845,33.1875
3474.3731410503387,33.0625
3476.197141647339,33.0625
3478.0211415290833,33.0625
3479.845142364502,33.125
3481.669142961502,33.125
3483.493139266968,33.125
3485.3171422481537,33.125
3487.1411366462708,33.125
3488.965131044388,33.0625
3490.7892212867737,33.125
3492.613589525223,33.1875
3494.4371569156647,33.125
3496.2615196704865,33.125
3498.0921127796173,33.125
3499.90914106369,33.125
3501.7331466674805,33.125
3503.557246685028,33.125
3505.3811395168304,33.125
3507.2051441669464,33.125
3509.029134988785,33.125
3510.8571491241455,33.125
3512.6771354675293,33.125
3514.5051548480988,33.125
3516.325140953064,33.125
3518.1491408348083,33.125
3519.97314119339,33.1875
3521.797146320343,33.125
3523.62113904953,33.125
3525.445154905319,33.125
3527.2691407203674,33.125
3529.1172335147858,33.125
3530.9371376037598,33.125
3532.7411365509033,33.125
3534.565247297287,33.1875
3536.389137029648,33.125
3538.213134765625,33.0625
3540.037150144577,33.125
3541.861138343811,33.125
3543.685145378113,33.125
3545.5091395378113,33.125
3547.333133459091,33.125
3549.1571435928345,33.0625
3550.981141805649,33.125
3552.805136203766,33.125
3554.6291451454163,33.125
3556.453143596649,33.125
3558.2771422863007,33.125
3560.1017031669617,33.125
3561.9251391887665,33.125
3563.7491393089294,33.1875
3565.5732412338257,33.1875
3567.397139310837,33.125
3569.221135854721,33.125
3571.0452604293823,33.125
3572.869153022766,33.125
3574.6931385993958,33.125
3576.517144680023,33.1875
3578.341144323349,33.125
3580.1651418209076,33.125
3581.9891471862793,33.1875
3583.8131442070007,33.125
3585.6371381282806,33.125
3587.4611542224884,33.125
3589.2851412296295,33.125
3591.1091451644897,33.125
3592.933136701584,33.125
3594.757145166397,33.0625
3596.581501722336,33.1875
3598.4051377773285,33.0625
3600.2291474342346,33.0625
3602.065285682678,33.0625
3603.877138853073,33.125
3605.7011394500732,33.125
3607.5252573490143,33.125
3609.349143743515,33.125
3611.1731448173523,33.125
3612.9971351623535,33.125
3614.8211414813995,33.125
3616.645136833191,33.125
3618.4691491127014,33.125
3620.293136358261,33.125
3622.1171386241913,33.125
3623.941142320633,33.125
3625.7652785778046,33.125
3627.5891478061676,33.125
3629.413140773773,33.1875
3631.237140417099,33.125
3633.061564207077,33.1875
3634.8851425647736,33.125
3636.7091388702393,33.125
3638.5345273017883,33.125
3640.357139825821,33.1875
3642.1811349391937,33.125
3644.005244255066,33.125
3645.82919383049,33.125
3647.6531381607056,33.125
3649.477719783783,33.125
3651.3011395931244,33.1875
3653.1251373291016,33.125
3654.953132867813,33.125
3656.7731425762177,33.125
3658.597138404846,33.125
3660.4211480617523,33.1875
3662.245141029358,33.1875
3664.069160223007,33.1875
3665.8931663036346,33.125
3667.717137813568,33.1875
3669.541433095932,33.125
3671.3651599884033,33.1875
3673.1891345977783,33.1875
3675.0172431468964,33.1875
3676.8371591567993,33.1875
3678.66113615036,33.1875
3680.532984495163,33.1875
3682.341143846512,33.125
3684.165142059326,33.125
3685.9891395568848,33.1875
3687.8131449222565,33.1875
3689.637137413025,33.125
3691.4611496925354,33.1875
3693.285142183304,33.1875
3695.109176158905,33.1875
3696.9331455230713,33.1875
3698.7571387290955,33.1875
3700.5815665721893,33.1875
3702.405199289322,33.25
3704.2291474342346,33.25
3706.053186416626,33.1875
3707.877140522003,33.1875
3709.7011303901672,33.1875
3711.5292689800262,33.1875
3713.3497219085693,33.25
3715.173146724701,33.25
3716.997142314911,33.1875
3718.8211419582367,33.1875
3720.645143508911,33.1875
3722.469153881073,33.1875
3724.293139696121,33.1875
3726.1171391010284,33.1875
3727.941143989563,33.1875
3729.7651488780975,33.1875
3731.5891366004944,33.125
3733.413152217865,33.1875
3735.237147331238,33.1875
3737.061512708664,33.25
3738.8851470947266,33.1875
3740.709133386612,33.25
3742.557943344116,33.1875
3744.357138633728,33.25
3746.181134700775,33.1875
3748.005251646042,33.25
3749.829142808914,33.1875
3751.653140306473,33.25
3753.4771525859833,33.25
3755.301149368286,33.25
3757.1251389980316,33.25
3758.9691350460052,33.25
3760.773241996765,33.25
3762.5971400737762,33.25
3764.4211432933807,33.25
3766.2451927661896,33.3125
3768.069138288498,33.3125
3769.893135070801,33.25
3771.7171397209167,33.3125
3773.5470814704895,33.25
3775.3651401996613,33.25
3777.189178943634,33.25
3779.013266801834,33.3125
3780.8371760845184,33.25
3782.6611342430115,33.25
3784.509421348572,33.25
3786.309140443802,33.25
3788.133147716522,33.25
3789.9571442604065,33.3125
3791.7811381816864,33.25
3793.6091327667236,33.25
3795.4291455745697,33.25
3797.253138780594,33.25
3799.0771350860596,33.3125
3800.9011883735657,33.25
3802.7251381874084,33.25
3804.549140691757,33.25
3806.373157262802,33.25
3808.1971430778503,33.3125
3810.0216739177704,33.3125
3811.845157623291,33.25
3813.6691343784332,33.25
3815.4932429790497,33.3125
3817.317144393921,33.3125
3819.141144990921,33.25
3820.965192079544,33.3125
3822.789150953293,33.25
3824.6131415367126,33.25
3826.43714427948,33.25
3828.2611424922943,33.25
3830.089135169983,33.25
3831.917142868042,33.3125
3833.7331466674805,33.3125
3835.557144641876,33.25
3837.3811419010162,33.3125
3839.2051479816437,33.3125
3841.0295174121857,33.25
3842.853150367737,33.3125
3844.677136659622,33.25
3846.5051589012146,33.3125
3848.325136899948,33.25
3850.149135828018,33.25
3851.9972615242004,33.25
3853.7971844673157,33.25
3855.6211380958557,33.25
3857.445155620575,33.3125
3859.2691473960876,33.3125
3861.0931401252747,33.3125
3862.917716741562,33.3125
3864.7411816120148,33.375
3866.5651364326477,33.3125
3868.389137029648,33.3125
3870.213136911392,33.375
3872.0371429920197,33.3125
3873.861138820648,33.3125
3875.6851377487183,33.3125
3877.509674310684,33.3125
3879.3331446647644,33.3125
3881.1571476459503,33.3125
3882.9812455177307,33.3125
3884.805143594742,33.3125
3886.629138946533,33.25
3888.453242301941,33.3125
3890.277142763138,33.3125
3892.101154565811,33.25
3893.92915892601,33.3125
3895.749139547348,33.375
3897.5731399059296,33.3125
3899.397143602371,33.3125
3901.2211389541626,33.3125
3903.0451395511627,33.3125
3904.8691415786743,33.3125
3906.6931388378143,33.3125
3908.517139673233,33.3125
3910.341141462326,33.3125
3912.1651446819305,33.3125
3913.989541053772,33.3125
3915.8212032318115,33.3125
3917.6371347904205,33.3125
3919.4613087177277,33.25
3921.2851366996765,33.3125
3923.1091396808624,33.3125
3924.933248758316,33.375
3926.7571868896484,33.375
3928.581142425537,33.3125
3930.4051423072815,33.3125
3932.2291402816772,33.3125
3934.0531334877014,33.3125
3935.881148815155,33.375
3937.701144218445,33.375
3939.52516746521,33.3125
3941.349145412445,33.375
3943.1731345653534,33.375
3944.997138738632,33.3125
3946.821141242981,33.375
3948.6451370716095,33.3125
3950.469547510147,33.375
3952.293135166168,33.375
3954.1171438694,33.375
3955.9419450759888,33.3125
3957.76514339447,33.375
3959.5891466140747,33.375
3961.417270421982,33.3125
3963.2371475696564,33.375
3965.0611329078674,33.3125
3966.8891434669495,33.3125
3968.7091867923737,33.4375
3970.5331451892853,33.375
3972.3573882579803,33.375
3974.181138753891,33.3125
3976.005140542984,33.3125
3977.8291425704956,33.375
3979.6531360149384,33.375
3981.4773519039154,33.3125
3983.3011722564697,33.3125
3985.125135421753,33.375
3986.949314594269,33.3125
3988.7731354236603,33.375
3990.597137451172,33.3125
3992.425268650055,33.3125
3994.2451565265656,33.375
3996.0691390037537,33.375
3997.9211518764496,33.375
3999.749465942383,33.375
4001.573143005371,33.375
4003.397136926651,33.3125
4005.2211327552795,33.3125
4007.045149087906,33.3125
4008.8691487312317,33.375
4010.693139076233,33.375
4012.517143726349,33.3125
4014.3411390781403,33.375
4016.1651396751404,33.375
4017.991922855377,33.375
4019.813146829605,33.375
4021.6371414661407,33.375
4023.4612402915955,33.375
4025.285144329071,33.375
4027.109143972397,33.375
4028.9333906173706,33.375
4030.75714302063,33.375
4032.5811364650726,33.3125
4034.405144929886,33.375
4036.2291440963745,33.375
4038.0531327724457,33.375
4039.877510070801,33.375
4041.701137304306,33.4375
4043.5251381397247,33.375
4045.3491439819336,33.375
4047.1731386184692,33.3125
4048.997139930725,33.3125
4050.8212563991547,33.3125
4052.6451375484467,33.375
4054.4694108963013,33.375
4056.2931394577026,33.3125
4058.117135286331,33.375
4059.946996450424,33.375
4061.7651360034943,33.3125
4063.5891432762146,33.375
4065.4132692813873,33.375
4067.2371459007263,33.375
4069.061140060425,33.375
4070.885146379471,33.375
4072.7091357707977,33.375
4074.5331468582153,33.375
4076.357141971588,33.375
4078.181136369705,33.3125
4080.005134344101,33.3125
4081.8291430473328,33.3125
4083.653144598007,33.375
4085.477139234543,33.3125
4087.3011457920074,33.3125
4089.1451365947723,33.375
4090.953556537628,33.3125
4092.7731370925903,33.375
4094.5971341133118,33.3125
4096.421235799789,33.3125
4098.245139360428,33.3125
4100.069138288498,33.3125
4101.893273591995,33.375
4103.717134237289,33.4375
4105.541139125824,33.375
4107.365148305893,33.375
4109.189138412476,33.375
4111.013140678406,33.375
4112.837140321732,33.375
4114.661135196686,33.4375
4116.485142707825,33.4375
4118.309134244919,33.375
4120.133148431778,33.375
4121.957505226135,33.375
4123.781723022461,33.375
4125.605143785477,33.4375
4127.429167747498,33.4375
4129.253134489059,33.375
4131.077144622803,33.375
4132.901250600815,33.375
4134.7251517772675,33.375
4136.5491399765015,33.375
4138.373142004013,33.375
4140.19714140892,33.375
4142.02113699913,33.375
4143.849134683609,33.375
4145.669140815735,33.375
4147.493138790131,33.375
4149.317143440247,33.375
4151.141151189804,33.375
4152.965141296387,33.375
4154.789143562317,33.375
4156.613137483597,33.4375
4158.43908905983,33.375
4160.261145830154,33.375
4162.085139036179,33.375
4163.909244298935,33.375
4165.733144283295,33.375
4167.557193994522,33.375
4169.385258436203,33.375
4171.205139636993,33.375
4173.029140710831,33.375
4174.853145599365,33.375
4176.677139043808,33.4375
4178.501141786575,33.375
4180.325137138367,33.375
4182.149144411087,33.3125
4183.973139047623,33.375
4185.797406435013,33.4375
4187.621143341064,33.4375
4189.445144414902,33.375
4191.269142627716,33.375
4193.093144655228,33.3125
4194.917875051498,33.3125
4196.7411432266235,33.3125
4198.565139770508,33.375
4200.393908023834,33.375
4202.213138341904,33.375
4204.037131547928,33.375
4205.865368843079,33.375
4207.685139417648,33.3125
4209.509139299393,33.375
4211.333143949509,33.375
4213.157137155533,33.375
4214.981140375137,33.375
4216.805140256882,33.375
4218.629143714905,33.375
4220.453134775162,33.375
4222.277142524719,33.375
4224.101135492325,33.375
4225.92514705658,33.375
4227.749141216278,33.375
4229.573142528534,33.4375
4231.398141384125,33.375
4233.221138715744,33.375
4235.045139551163,33.375
4236.901251316071,33.375
4238.725135087967,33.375
4240.5491354465485,33.375
4242.37722158432,33.375
4244.197147607803,33.375
4246.021138906479,33.375
4247.845142126083,33.4375
4249.669138669968,33.375
4251.493142127991,33.375
4253.317147016525,33.375
4255.141144275665,33.375
4256.965147018433,33.375
4258.789135694504,33.375
4260.613140106201,33.4375
4262.43713259697,33.375
4264.261147022247,33.4375
4266.0851418972015,33.4375
4267.912047386169,33.375
4269.733140230179,33.4375
4271.557146072388,33.4375
4273.381242275238,33.4375
4275.205138683319,33.375
4277.029148578644,33.4375
4278.854801654816,33.4375
4280.677143096924,33.4375
4282.501149177551,33.4375
4284.325153827667,33.4375
4286.149145126343,33.4375
4287.97314119339,33.375
4289.797137260437,33.4375
4291.621145963669,33.4375
4293.445134878159,33.4375
4295.269138097763,33.4375
4297.093144416809,33.4375
4298.917135715485,33.4375
4300.741135835648,33.4375
4302.5652050971985,33.5
4304.389193058014,33.4375
4306.213143825531,33.4375
4308.037149906158,33.5
4309.86123919487,33.4375
4311.685581445694,33.4375
4313.509139537811,33.5
4315.333138465881,33.4375
4317.157136440277,33.5
4318.981137514114,33.5
4320.805237770081,33.5
4322.629138708115,33.4375
4324.453137874603,33.5
4326.27713561058,33.4375
4328.101150035858,33.4375
4329.925140142441,33.4375
4331.749141693115,33.4375
4333.573140144348,33.5
4335.397738456726,33.4375
4337.22113609314,33.4375
4339.045137882233,33.4375
4340.869167327881,33.4375
4342.69314289093,33.5
4344.517136096954,33.5
4346.3412528038025,33.4375
4348.165138721466,33.4375
4349.989135026932,33.5
4351.813138961792,33.5
4353.637141466141,33.5
4355.461140632629,33.4375
4357.285134553909,33.4375
4359.109142541885,33.4375
4360.933148622513,33.4375
4362.7571413517,33.5
4364.581136703491,33.4375
4366.405141830444,33.5
4368.229139089584,33.5
4370.053134441376,33.4375
4371.905246973038,33.4375
4373.733725070953,33.5
4375.557139158249,33.5
4377.381865501404,33.4375
4379.205141782761,33.4375
4381.029143571854,33.4375
4382.85324716568,33.4375
4384.677143573761,33.4375
4386.501145601273,33.5
4388.325138092041,33.5
4390.149140357971,33.4375
4391.973148107529,33.5
4393.797139883041,33.5
4395.621175527573,33.4375
4397.445139408112,33.5
4399.26914358139,33.5
4401.093142986298,33.5
4402.917366743088,33.4375
4404.741146802902,33.4375
4406.565145015717,33.5
4408.389201402664,33.4375
4410.213139772415,33.5
4412.037131071091,33.4375
4413.861244678497,33.5
4415.685332298279,33.5
4417.513146162033,33.5
4419.333142280579,33.5
4421.157138586044,33.4375
4422.981140136719,33.4375
4424.805142879486,33.5
4426.629149675369,33.5
4428.453137874603,33.5
4430.2771418094635,33.5
4432.101147174835,33.4375
4433.92515206337,33.4375
4435.749136686325,33.4375
4437.573135375977,33.4375
4439.397650003433,33.4375
4441.221139669418,33.4375
4443.045139312744,33.5
4444.869207382202,33.5
4446.693149805069,33.5
4448.517136335373,33.5
4450.341553449631,33.4375
4452.165142059326,33.4375
4453.989139556885,33.4375
4455.813200950623,33.4375
4457.637145757675,33.5
4459.461138725281,33.5
4461.2851486206055,33.5
4463.10914516449,33.4375
4464.9331476688385,33.4375
4466.75714468956,33.4375
4468.58114027977,33.4375
4470.405138492584,33.5
4472.229140996933,33.4375
4474.053143024445,33.5
4475.88524055481,33.5
4477.701144218445,33.5
4479.525151491165,33.5
4481.408035516739,33.4375
4483.237135410309,33.4375
4485.06113743782,33.4375
4486.889256954193,33.5
4488.709137678146,33.4375
4490.533136367798,33.5
4492.357135057449,33.4375
4494.181138515472,33.5
4496.00514125824,33.4375
4497.829142332077,33.5
4499.653723239899,33.5
4501.477188110352,33.5
4503.301164865494,33.5
4505.125137090683,33.4375
4506.949149847031,33.5
4508.773404121399,33.4375
4510.597141742706,33.4375
4512.422478437424,33.5
4514.245344400406,33.5
4516.0691385269165,33.5
4517.897261381149,33.4375
4519.717160463333,33.5
4521.541138887405,33.4375
4523.3740310668945,33.4375
4525.189140319824,33.4375
4527.01314496994,33.4375
4528.83714222908,33.5
4530.661146640778,33.5
4532.4851405620575,33.5
4534.309136867523,33.4375
4536.1331379413605,33.4375
4537.957139492035,33.4375
4539.781147956848,33.4375
4541.6051371097565,33.5
4543.430658578873,33.5
4545.253141403198,33.4375
4547.077146530151,33.5
4548.901244878769,33.5
4550.725139141083,33.4375
4552.549141407013,33.4375
4554.373252391815,33.4375
4556.197144985199,33.5
4558.021135807037,33.4375
4559.845145940781,33.4375
4561.669140577316,33.4375
4563.493140935898,33.5
4565.317503929138,33.5
4567.141141176224,33.5
4568.965135812759,33.5
4570.789198637009,33.5
4572.6131381988525,33.4375
4574.43714427948,33.5
4576.26114654541,33.5
4578.085141420364,33.4375
4579.917510509491,33.5
4581.733145236969,33.5
4583.5571484565735,33.4375
4585.413239479065,33.5
4587.237140893936,33.4375
4589.061138153076,33.5
4590.8853096961975,33.4375
4592.709143400192,33.5
4594.533135652542,33.5
4596.357146024704,33.4375
4598.181137561798,33.4375
4600.005142211914,33.4375
4601.829133987427,33.4375
4603.653147697449,33.4375
4605.47714138031,33.5
4607.301140785217,33.5
4609.12513923645,33.4375
4610.949461936951,33.4375
4612.77314043045,33.5
4614.597170829773,33.5
4616.421207904816,33.5
4618.2451367378235,33.5
4620.069133758545,33.5
4621.893321752548,33.5
4623.71714925766,33.5
4625.541141033173,33.5
4627.365154504776,33.5
4629.18914103508,33.5
4631.013144016266,33.5
4632.837142944336,33.5
4634.661140680313,33.5
4636.485148906708,33.5
4638.309139490128,33.5
4640.133140325546,33.5
4641.957146644592,33.5
4643.781142711639,33.5
4645.605140686035,33.5
4647.42958521843,33.5
4649.253137588501,33.5
4651.07714176178,33.5
4652.901259422302,33.5
4654.725135087967,33.5
4656.549147844315,33.5
4658.381238937378,33.5
4660.19713807106,33.5
4662.021143913269,33.5
4663.845149040222,33.5
4665.669148445129,33.5
4667.493140697479,33.5
4669.317184686661,33.5625
4671.1411418914795,33.5
4672.96514081955,33.5
4674.789144992828,33.5
4676.613146305084,33.5
4678.43714094162,33.5
4680.26113653183,33.5
4682.0851402282715,33.5
4683.909492492676,33.5
4685.733145952225,33.5
4687.557137727737,33.5
4689.382250547409,33.5625
4691.205138921738,33.5
4693.029134273529,33.5
4694.857272148132,33.4375
4696.677146434784,33.5
4698.501146316528,33.5
4700.325143098831,33.5625
4702.149135828018,33.4375
4703.973151445389,33.4375
4705.7971477508545,33.5
4707.621139526367,33.4375
4709.445144891739,33.5
4711.2691395282745,33.5
4713.093140125275,33.4375
4714.917133331299,33.5
4716.741140842438,33.4375
4718.565136194229,33.4375
4720.38955283165,33.5
4722.213134527206,33.4375
4724.037143230438,33.4375
4725.8652510643005,33.4375
4727.6851642131805,33.4375
4729.509142875671,33.4375
4731.333245038986,33.5
4733.15714263916,33.4375
4734.981139183044,33.4375
4736.805140972137,33.4375
4738.629150867462,33.4375
4740.453141927719,33.5
4742.277143239975,33.4375
4744.101134777069,33.4375
4745.925141096115,33.4375
4747.749146223068,33.4375
4749.573139429092,33.5
4751.397508859634,33.5
4753.221712350845,33.4375
4755.045140504837,33.5
4756.869172334671,33.4375
4758.693143606186,33.5
4760.517142534256,33.5
4762.345249414444,33.5
4764.16514134407,33.5
4765.989150047302,33.5
4767.813133239746,33.5
4769.637146472931,33.5
4771.461155176163,33.4375
4773.285139083862,33.5625
4775.1091384887695,33.5
4776.933141231537,33.5
4778.777138710022,33.5
4780.5811405181885,33.5
4782.405145406723,33.5
4784.229150772095,33.5
4786.053150653839,33.5
4787.877499818802,33.5
4789.701138019562,33.5
4791.525138139725,33.5
4793.349157571793,33.5625
4795.173136711121,33.4375
4796.99714922905,33.5625
4798.821231842041,33.5
4800.64914226532,33.5
4802.469715595245,33.5
4804.293142795563,33.5
4806.1171407699585,33.5
4807.941164016724,33.5
4809.765140771866,33.5625
4811.58914065361,33.5
4813.413139820099,33.5
4815.2371373176575,33.5
4817.061142683029,33.5
4818.885145902634,33.5
4820.709145307541,33.5
4822.533141136169,33.5
4824.357367038727,33.5
4826.18114233017,33.5
4828.005135536194,33.4375
4829.85350227356,33.5
4831.653135061264,33.5
4833.477156162262,33.5625
4835.301258802414,33.5625
4837.125138759613,33.5
4838.949134111404,33.5
4840.773142337799,33.5
4842.597137212753,33.5
4844.421140432358,33.5
4846.2451429367065,33.5625
4848.069138288498,33.5
4849.893141269684,33.5
4851.717148780823,33.5
4853.541146993637,33.5
4855.365135669708,33.5
4857.189138650894,33.5
4859.013142347336,33.5625
4860.841506242752,33.5
4862.661140680313,33.5
4864.485146760941,33.5
4866.31391954422,33.5
4868.133137226105,33.5625
4869.957139253616,33.5
4871.781267166138,33.5
4873.605139255524,33.5
4875.429136991501,33.5625
4877.2531478405,33.5
4879.077140331268,33.5625
4880.90114068985,33.5625
4882.725140333176,33.5625
4884.549143075943,33.5
4886.373141050339,33.5625
4888.197133302689,33.5625
4890.021138906479,33.5625
4891.845138311386,33.5625
4893.669139385223,33.5
4895.4971442222595,33.5
4897.317230224609,33.5625
4899.141138076782,33.5
4900.965159654617,33.5625
4902.793252706528,33.5625
4904.613139629364,33.5625
4906.437139034271,33.5625
4908.261156320572,33.5625
4910.085141658783,33.5625
4911.913209438324,33.5
4913.733137845993,33.5
4915.55713558197,33.5
4917.381137371063,33.5
4919.205147981644,33.5625
4921.0291492938995,33.5625
4922.853137254715,33.5625
4924.677137851715,33.5
4926.501139879227,33.5625
4928.325624465942,33.5
4930.149144411087,33.5625
4931.973141908646,33.5
4933.797323703766,33.5625
4935.621142148972,33.5625
4937.445136785507,33.5625
4939.273251771927,33.5
4941.093145370483,33.5625
4942.917140483856,33.5
4944.741285085678,33.5
4946.5651433467865,33.5
4948.389132976532,33.5
4950.213137149811,33.5
4952.061156272888,33.5625
4953.86114025116,33.5625
4955.6851415634155,33.5
4957.509143590927,33.5
4959.333141326904,33.5
4961.157141685486,33.5
4962.98114323616,33.5625
4964.805505990982,33.4375
4966.629145145416,33.5
4968.45313167572,33.5
4970.27827501297,33.5
4972.1011509895325,33.5
4973.9251437187195,33.5
4975.757275342941,33.5
4977.573345422745,33.5
4979.3971354961395,33.5
4981.22114610672,33.4375
4983.045138597488,33.5
4984.869139671326,33.4375
4986.693138837814,33.5
4988.517141819,33.4375
4990.341139554977,33.5
4992.165138721466,33.5
4993.9891402721405,33.5
4995.813147068024,33.5
4997.637142419815,33.4375
4999.461132526398,33.4375
5001.285202503204,33.4375
5003.109137773514,33.4375
5004.933140516281,33.5
5006.761207103729,33.5
5008.581176519394,33.4375
5010.4051394462585,33.4375
5012.2371554374695,33.4375
5014.053140878677,33.4375
5015.885196208954,33.4375
5017.701157331467,33.4375
5019.525133132935,33.4375
5021.349139451981,33.5
5023.173137187958,33.5
5024.997132301331,33.5
5026.821139335632,33.4375
5028.645142316818,33.4375
5030.46914100647,33.4375
5032.293422937393,33.4375
5034.117146015167,33.4375
5035.941140651703,33.5
5037.7651562690735,33.4375
5039.5891399383545,33.4375
5041.413338184357,33.4375
5043.237241268158,33.5
5045.061144590378,33.5
5046.88515996933,33.4375
5048.737146615982,33.4375
5050.565135955811,33.5
5052.389139413834,33.4375
5054.213140487671,33.4375
5056.0371470451355,33.5
5057.861142873764,33.4375
5059.685136556625,33.4375
5061.509143590927,33.4375
5063.333139657974,33.4375
5065.15713763237,33.4375
5066.9811453819275,33.5
5068.805713176727,33.4375
5070.629134893417,33.4375
5072.45313835144,33.4375
5074.277256727219,33.4375
5076.1011435985565,33.4375
5077.925146818161,33.4375
5079.757327795029,33.4375
5081.573139190674,33.4375
5083.397133588791,33.4375
5085.221150875092,33.4375
5087.045144081116,33.4375
5088.869139432907,33.4375
5090.693142414093,33.4375
5092.517174005508,33.4375
5094.341139554977,33.4375
5096.165141820908,33.4375
5097.989138126373,33.5
5099.813140153885,33.4375
5101.637139797211,33.4375
5103.461138725281,33.4375
5105.2934103012085,33.4375
5107.109720945358,33.4375
5108.93313574791,33.5
5110.789333581924,33.4375
5112.613142251968,33.4375
5114.437134981155,33.4375
5116.269250154495,33.4375
5118.0851464271545,33.4375
5119.9131371974945,33.4375
5121.733142375946,33.4375
5123.557141780853,33.375
5125.381132364273,33.4375
5127.205142736435,33.4375
5129.029133558273,33.5
5130.853227376938,33.4375
5132.677186727524,33.4375
5134.501135110855,33.5
5136.325140237808,33.4375
5138.149149656296,33.4375
5139.973135471344,33.5
5141.797354459763,33.4375
5143.621138572693,33.4375
5145.445132255554,33.4375
5147.269242048264,33.375
5149.0931396484375,33.4375
5150.917192935944,33.5
5152.741451501846,33.4375
5154.565140008926,33.4375
5156.389136791229,33.4375
5158.213141918182,33.4375
5160.0371470451355,33.4375
5161.861137628555,33.5
5163.685142755508,33.4375
5165.509137868881,33.4375
5167.333143234253,33.4375
5169.157142162323,33.375
5170.981145858765,33.4375
5172.80530500412,33.4375
5174.629143714905,33.4375
5176.453136920929,33.4375
5178.277215719223,33.4375
5180.101141214371,33.4375
5181.9251573085785,33.4375
5183.749245405197,33.4375
5185.573143959045,33.4375
5187.397144317627,33.4375
5189.221146583557,33.4375
5191.045720815659,33.4375
5192.869139909744,33.5
5194.693145275116,33.4375
5196.517138719559,33.4375
5198.341138839722,33.4375
5200.1651401519775,33.4375
5201.9891810417175,33.4375
5203.813145875931,33.4375
5205.637140989304,33.4375
5207.461146354675,33.4375
5209.285680294037,33.4375
5211.109135866165,33.4375
5212.933133602142,33.4375
5214.7571630477905,33.4375
5216.5811495780945,33.5
5218.405137062073,33.4375
5220.2292420864105,33.4375
5222.05372262001,33.4375
5223.8771369457245,33.5
5225.7011387348175,33.5
5227.525136947632,33.4375
5229.349138498306,33.4375
5231.173143148422,33.4375
5232.997150659561,33.4375
5234.821138143539,33.4375
5236.645318746567,33.4375
5238.4691426754,33.4375
5240.293143033981,33.4375
5242.117141246796,33.4375
5243.941138267517,33.5
5245.765625,33.4375
5247.589149475098,33.4375
5249.413343906403,33.4375
5251.241258859634,33.5
5253.061139345169,33.4375
5254.885135650635,33.5
5256.713263511658,33.5
5258.533139228821,33.5
5260.357149362564,33.5
5262.18113899231,33.5
5264.005138635635,33.5
5265.8291437625885,33.5
5267.65314078331,33.5
5269.477175235748,33.4375
5271.301143407822,33.4375
5273.125137329102,33.4375
5274.94913482666,33.4375
5276.773145198822,33.5
5278.601134777069,33.4375
5280.421132564545,33.5
5282.245325803757,33.5
5284.069140672684,33.4375
5285.893227815628,33.4375
5287.721209526062,33.4375
5289.541138648987,33.4375
5291.36514377594,33.5
5293.189171791077,33.4375
5295.013724088669,33.5
5296.837138175964,33.4375
5298.661154985428,33.4375
5300.485138177872,33.4375
5302.309139251709,33.4375
5304.133138179779,33.4375
5305.957144498825,33.4375
5307.781150102615,33.4375
5309.605143785477,33.4375
5311.42914390564,33.4375
5313.253134727478,33.4375
5315.0771408081055,33.4375
5316.901134490967,33.5
5318.726301908493,33.4375
5320.5491399765015,33.375
5322.3731389045715,33.4375
5324.197236061096,33.4375
5326.021144866943,33.375
5327.845136165619,33.5
5329.669146299362,33.4375
5331.493141412735,33.4375
5333.317139387131,33.4375
5335.141139984131,33.4375
5336.973140001297,33.4375
5338.789142608643,33.4375
5340.613139629364,33.4375
5342.437147140503,33.4375
5344.2611348629,33.4375
5346.085186243057,33.5
5347.909136295319,33.5
5349.733681917191,33.4375
5351.557141780853,33.4375
5353.381132602692,33.4375
5355.207505464554,33.4375
5357.029145240784,33.5
5358.853139400482,33.5625
5360.689362287521,33.5
5362.501135587692,33.4375
5364.325147628784,33.5
5366.149134397507,33.5
5367.973713636398,33.5
5369.797138214111,33.5
5371.62114071846,33.5
5373.445138216019,33.5
5375.269140481949,33.5
5377.093160390854,33.5
5378.917141199112,33.5
5380.741142034531,33.5625
5382.565139293671,33.5
5384.389134883881,33.5
5386.213337898254,33.5
5388.037141084671,33.5
5389.8611426353455,33.5
5391.721245765686,33.5
5393.54114151001,33.5
5395.3651394844055,33.5
5397.217200279236,33.5
5399.045144319534,33.5
5400.869221448898,33.5625
5402.6931574344635,33.5625
5404.517146110535,33.5
5406.341140270233,33.5625
5408.165145635605,33.5625
5409.9891476631165,33.5
5411.813181400299,33.5625
5413.637142896652,33.5625
5415.461138725281,33.5
5417.2851412296295,33.5
5419.1091368198395,33.5625
5420.937149524689,33.5625
5422.757233142853,33.5625
5424.581141233444,33.5
5426.405141830444,33.5
5428.233201265335,33.5
5430.053140640259,33.5
5431.877133369446,33.5
5433.701285362244,33.5
5435.525144338608,33.5
5437.349212169647,33.4375
5439.173139810562,33.5
5440.997146368027,33.5
5442.821137428284,33.5
5444.645144462585,33.5
5446.4691417217255,33.4375
5448.293139696121,33.4375
5450.117147445679,33.4375
5451.941207408905,33.4375
5453.765141248703,33.5
5455.589149951935,33.5
5457.413341760635,33.5
5459.237301826477,33.5
5461.061146259308,33.5
5462.885141611099,33.5
5464.70925283432,33.5
5466.533141613007,33.4375
5468.357146501541,33.5
5470.1811447143555,33.5
5472.005146980286,33.5
5473.829139709473,33.5625
5475.653146028519,33.5
5477.477140188217,33.5
5479.301142215729,33.5625
5481.1251430511475,33.5625
5482.94914150238,33.5
5484.773141860962,33.5625
5486.597141504288,33.5625
5488.421180486679,33.5
5490.245504140854,33.5
5492.06915307045,33.5
5493.893140077591,33.5
5495.721261501312,33.5625
5497.5411465168,33.5625
5499.365141868591,33.5
5501.189247846603,33.5
5503.013142347336,33.5
5504.837137937546,33.5
5506.685435533524,33.5625
5508.550766468048,33.5625
5510.3770163059235,33.5
5512.246124982834,33.5
5514.053163290024,33.5625
5515.877267599106,33.5625
5517.701145172119,33.5
5519.525151729584,33.5
5521.349144935608,33.5625
5523.173145771027,33.5625
5524.997148513794,33.5625
5526.821744680405,33.5625
5528.645151376724,33.5625
5530.469189882278,33.625
